"","worker","status","duration","condition","setup","seed","consistency","consistency.other","decision","extra.feedback","judge.bad","judge.bad.other","judge.good","judge.good.other","motives","motives.other","opt.balanced","opt.nobad","opt.nogood","opt.obvious","opt.stakes","out.bad","out.broken","out.expected","out.fair","out.good","out.happy","out.regret","out.sense","out.trick","out.unexpected","out.unfair","best.option","decision.case","popular.option","was.obvious","judge.bad.c.avatar","judge.bad.c.interesting","judge.bad.c.no.control","judge.bad.c.value.clash","judge.bad.c.power","judge.bad.c.progress","judge.bad.c.other","judge.good.c.interesting","judge.good.c.role","judge.good.c.avatar","judge.good.c.power","judge.good.c.progress","judge.good.c.other","motives.c.curious","motives.c.avatar","motives.c.interesting","motives.c.other","motives.c.power","motives.c.role","motives.c.speed"
"1","197","Approved",808,"expected_success","threatened_innocents","82994","no-exp","{}",2,"I thought this was interesting and I feel like I made the right choice.","avatar|interesting|no-control|value-clash|power","{}","interesting|role","{}","curious|avatar|interesting","{}","1","3","2","4","4","1","1","4","5","4","4","2","5","1","1","4",NA,"main","2",NA,TRUE,TRUE,TRUE,TRUE,TRUE,FALSE,FALSE,TRUE,TRUE,FALSE,FALSE,FALSE,FALSE,TRUE,TRUE,TRUE,FALSE,FALSE,FALSE,FALSE
"2","187","Approved",1505,"expected_success","threatened_innocents","82994","variable","{}",2,"{}","avatar|interesting|no-control|value-clash|power|progress","{}","avatar|interesting|role|power|progress","{}","avatar","{}","1","1","1","4","2","1","1","4","5","5","5","1","5","1","1","1",NA,"main","2",NA,TRUE,TRUE,TRUE,TRUE,TRUE,TRUE,FALSE,TRUE,TRUE,TRUE,TRUE,TRUE,FALSE,FALSE,TRUE,FALSE,FALSE,FALSE,FALSE,FALSE
"3","18","Approved",2783,"expected_success","threatened_innocents","82994","variable","{}",2,"That was fun, thank you so much!","avatar|interesting|power|progress","{}","role|power|progress","{}","avatar|interesting","{}","2","4","1","4","4","1","1","5","5","5","5","1","5","1","1","1",NA,"main","2",NA,TRUE,TRUE,FALSE,FALSE,TRUE,TRUE,FALSE,FALSE,TRUE,FALSE,TRUE,TRUE,FALSE,FALSE,TRUE,TRUE,FALSE,FALSE,FALSE,FALSE
"4","109","Approved",355,"expected_success","threatened_innocents","82994","no-exp","{}",2,"{}","avatar|no-control|progress","{}","avatar|progress","{}","curious|other","In my own life, I wouldn't be likely to try to negotiate and reward a person for doing something bad.","2","3","2","3","3","1","1","4","5","5","5","1","5","1","2","1",NA,"main","2",NA,TRUE,FALSE,TRUE,FALSE,FALSE,TRUE,FALSE,FALSE,FALSE,TRUE,FALSE,TRUE,FALSE,TRUE,FALSE,FALSE,TRUE,FALSE,FALSE,FALSE
"5","11","Approved",918,"expected_success","threatened_innocents","82994","consistent","{}",2,"{}","avatar","{}","role","{}","avatar","{}","5","5","1","5","5","1","1","5","5","5","5","2","5","1","1","1",NA,"main","2",NA,TRUE,FALSE,FALSE,FALSE,FALSE,FALSE,FALSE,FALSE,TRUE,FALSE,FALSE,FALSE,FALSE,FALSE,TRUE,FALSE,FALSE,FALSE,FALSE,FALSE
"6","156","Approved",1730,"expected_success","threatened_innocents","82994","variable","{}",2,"{}","value-clash|progress","{}","power","{}","avatar|power","{}","1","1","1","5","1","1","1","5","5","5","5","1","5","1","1","1",NA,"main","2",NA,FALSE,FALSE,FALSE,TRUE,FALSE,TRUE,FALSE,FALSE,FALSE,FALSE,TRUE,FALSE,FALSE,FALSE,TRUE,FALSE,FALSE,TRUE,FALSE,FALSE
"7","54","Approved",373,"expected_success","threatened_innocents","82994","variable","{}",3,"{}","interesting|power|progress","{}","role","{}","role|avatar","{}","4","2","1","4","2","1","1","4","5","5","5","1","5","1","1","1",NA,"main","2",NA,FALSE,TRUE,FALSE,FALSE,TRUE,TRUE,FALSE,FALSE,TRUE,FALSE,FALSE,FALSE,FALSE,FALSE,TRUE,FALSE,FALSE,FALSE,TRUE,FALSE
"9","79","Approved",464,"expected_success","threatened_innocents","82994","variable","{}",3,"Very interesting and fun to mentally role play. I wish more surveys were like this.","avatar|value-clash","{}","avatar|interesting|role|power|progress","{}","role|avatar|power","{}","2","1","2","2","2","1","1","4","5","5","5","1","5","1","1","1",NA,"main","2",NA,TRUE,FALSE,FALSE,TRUE,FALSE,FALSE,FALSE,TRUE,TRUE,TRUE,TRUE,TRUE,FALSE,FALSE,TRUE,FALSE,FALSE,TRUE,TRUE,FALSE
"14","180","Approved",437,"expected_success","threatened_innocents","82994","consistent","{}",3,"{}","avatar|no-control","{}","avatar|role","{}","avatar","{}","4","5","1","5","5","1","1","5","5","5","5","1","5","1","1","1",NA,"main","2",NA,TRUE,FALSE,TRUE,FALSE,FALSE,FALSE,FALSE,FALSE,TRUE,TRUE,FALSE,FALSE,FALSE,FALSE,TRUE,FALSE,FALSE,FALSE,FALSE,FALSE
"15","123","Approved",1830,"expected_success","threatened_innocents","82994","variable","{}",2,"{}","avatar","{}","avatar","{}","power","{}","4","4","4","2","2","1","1","4","5","5","5","1","4","1","2","1",NA,"main","2",NA,TRUE,FALSE,FALSE,FALSE,FALSE,FALSE,FALSE,FALSE,FALSE,TRUE,FALSE,FALSE,FALSE,FALSE,FALSE,FALSE,FALSE,TRUE,FALSE,FALSE
"16","44","Approved",3650,"expected_success","monster_attack","76886","variable","{}",1,"{}","avatar|interesting","{}","avatar|interesting|role","{}","curious|role|avatar|interesting|power","{}","5","2","4","5","2","1","3","3","4","4","3","2","5","1","3","2",NA,"main","1",NA,TRUE,TRUE,FALSE,FALSE,FALSE,FALSE,FALSE,TRUE,TRUE,TRUE,FALSE,FALSE,FALSE,TRUE,TRUE,TRUE,FALSE,TRUE,TRUE,FALSE
"17","56","Approved",867,"expected_success","monster_attack","76886","consistent","{}",1,"{}","power|progress","{}","role|progress","{}","role|power","{}","2","2","2","5","1","1","1","4","5","5","5","1","5","1","2","1",NA,"main","1",NA,FALSE,FALSE,FALSE,FALSE,TRUE,TRUE,FALSE,FALSE,TRUE,FALSE,FALSE,TRUE,FALSE,FALSE,FALSE,FALSE,FALSE,TRUE,TRUE,FALSE
"18","77","Approved",1601,"expected_success","monster_attack","76886","variable","{}",3,"{}","no-control","{}","avatar","{}","role","{}","4","5","1","5","1","1","5","1","5","5","5","1","3","1","4","1",NA,"main","1",NA,FALSE,FALSE,TRUE,FALSE,FALSE,FALSE,FALSE,FALSE,FALSE,TRUE,FALSE,FALSE,FALSE,FALSE,FALSE,FALSE,FALSE,FALSE,TRUE,FALSE
"21","140","Approved",1195,"expected_success","monster_attack","76886","variable","{}",1,"**Your Attention Check question at top: I didn't know if you wanted the sentence order reversed or the entire thing written backwards, so I went with the one that just had the order of the words reversed.**  So if it should've been the other way, then:
I mrifnoc taht I ma ta tsael neethgie sraey fo egA!
:)","no-control","{}","progress","{}","avatar","{}","1","2","1","5","1","1","1","4","5","5","5","1","5","1","1","1",NA,"main","1",NA,FALSE,FALSE,TRUE,FALSE,FALSE,FALSE,FALSE,FALSE,FALSE,FALSE,FALSE,TRUE,FALSE,FALSE,TRUE,FALSE,FALSE,FALSE,FALSE,FALSE
"23","89","Approved",959,"expected_success","monster_attack","76886","no-exp","{}",1,"I've never gotten into the role playing types of games. I'd get too wrapped up in them-then neglect my housework, lol.
Thanks for letting me be a part of your study, it was interesting.
Laura","avatar|power|other","If he doesn't survive a bad situation.","avatar|interesting|power|other","He survives bad situations.","curious|role|avatar|power|other","I figured with a chicken, he's going to have something to eat later. 'Winner winner, chicken dinner!""","4","1","1","4","2","1","1","5","5","5","5","1","5","1","1","1",NA,"main","1",NA,TRUE,FALSE,FALSE,FALSE,TRUE,FALSE,TRUE,TRUE,FALSE,TRUE,TRUE,FALSE,TRUE,TRUE,TRUE,FALSE,TRUE,TRUE,TRUE,FALSE
"26","55","Approved",380,"expected_success","monster_attack","76886","consistent","{}",2,"thanks!","power","{}","avatar","{}","curious","{}","4","2","4","2","2","1","2","5","4","5","4","1","4","1","1","1",NA,"main","1",NA,FALSE,FALSE,FALSE,FALSE,TRUE,FALSE,FALSE,FALSE,FALSE,TRUE,FALSE,FALSE,FALSE,TRUE,FALSE,FALSE,FALSE,FALSE,FALSE,FALSE
"27","151","Approved",466,"expected_success","monster_attack","76886","","{}",1,"{}","avatar","{}","role","{}","power","{}","1","3","2","4","3","1","1","3","5","5","5","1","5","1","2","1",NA,"main","1",NA,TRUE,FALSE,FALSE,FALSE,FALSE,FALSE,FALSE,FALSE,TRUE,FALSE,FALSE,FALSE,FALSE,FALSE,FALSE,FALSE,FALSE,TRUE,FALSE,FALSE
"28","53","Approved",344,"expected_success","monster_attack","76886","consistent","{}",1,"Interesting HIT. Thanks for something different.","avatar|interesting|progress","{}","avatar|interesting|role|progress","{}","role|avatar|power","{}","2","1","1","4","5","1","1","5","5","5","5","1","5","1","1","1",NA,"main","1",NA,TRUE,TRUE,FALSE,FALSE,FALSE,TRUE,FALSE,TRUE,TRUE,TRUE,FALSE,TRUE,FALSE,FALSE,TRUE,FALSE,FALSE,TRUE,TRUE,FALSE
"29","142","Approved",2277,"expected_success","monster_attack","76886","variable","{}",3,"{}","interesting|power","{}","avatar|interesting|progress","{}","role|power","{}","5","4","1","3","1","1","1","4","5","5","5","1","4","1","1","1",NA,"main","1",NA,FALSE,TRUE,FALSE,FALSE,TRUE,FALSE,FALSE,TRUE,FALSE,TRUE,FALSE,TRUE,FALSE,FALSE,FALSE,FALSE,FALSE,TRUE,TRUE,FALSE
"30","2","Approved",215,"expected_success","monster_attack","76886","consistent","{}",1,"{}","power","{}","role|power","{}","avatar","{}","2","3","1","4","4","1","1","5","5","5","5","1","5","1","1","2",NA,"main","1",NA,FALSE,FALSE,FALSE,FALSE,TRUE,FALSE,FALSE,FALSE,TRUE,FALSE,TRUE,FALSE,FALSE,FALSE,TRUE,FALSE,FALSE,FALSE,FALSE,FALSE
"31","78","Approved",1733,"expected_success","market","67832","consistent","{}",2,"{}","avatar|no-control|power|progress","{}","avatar|role|power|progress","{}","role|avatar|interesting","{}","2","2","2","4","4","1","1","4","5","5","5","1","5","1","1","1",NA,"main","2",NA,TRUE,FALSE,TRUE,FALSE,TRUE,TRUE,FALSE,FALSE,TRUE,TRUE,TRUE,TRUE,FALSE,FALSE,TRUE,TRUE,FALSE,FALSE,TRUE,FALSE
"32","124","Approved",196,"expected_success","market","67832","no-exp","{}",2,"{}","interesting|progress","{}","avatar|interesting","{}","avatar","{}","2","2","1","4","4","1","1","2","5","4","5","1","4","1","4","1",NA,"main","2",NA,FALSE,TRUE,FALSE,FALSE,FALSE,TRUE,FALSE,TRUE,FALSE,TRUE,FALSE,FALSE,FALSE,FALSE,TRUE,FALSE,FALSE,FALSE,FALSE,FALSE
"35","80","Approved",236,"expected_success","market","67832","no-exp","{}",1,"{}","avatar","{}","avatar","{}","avatar","{}","2","2","2","4","2","1",NA,"4","4","5","5","1","4","1","1","1",NA,"main","2",NA,TRUE,FALSE,FALSE,FALSE,FALSE,FALSE,FALSE,FALSE,FALSE,TRUE,FALSE,FALSE,FALSE,FALSE,TRUE,FALSE,FALSE,FALSE,FALSE,FALSE
"36","4","Approved",2762,"expected_success","market","67832","consistent","{}",2,"{}","avatar|progress","{}","avatar|progress","{}","curious|power","{}","2","4","1","4","2","1","2","2","5","5","5","1","5","1","4","1",NA,"main","2",NA,TRUE,FALSE,FALSE,FALSE,FALSE,TRUE,FALSE,FALSE,FALSE,TRUE,FALSE,TRUE,FALSE,TRUE,FALSE,FALSE,FALSE,TRUE,FALSE,FALSE
"37","181","Approved",495,"expected_success","market","67832","consistent","{}",2,"{}","avatar|no-control|value-clash|power|progress|other","I feel an outcome is bad if an innocent character is somehow harmed.","avatar|interesting|role|power|progress|other","I feel an outcome is good when it benefits an innocent person.","interesting|power","{}","1","1","1","4","4","1","1","4","5","5","5","1","5","1","2","1",NA,"main","2",NA,TRUE,FALSE,TRUE,TRUE,TRUE,TRUE,TRUE,TRUE,TRUE,TRUE,TRUE,TRUE,TRUE,FALSE,FALSE,TRUE,FALSE,TRUE,FALSE,FALSE
"38","161","Approved",263,"expected_success","market","67832","variable","{}",2,"none","avatar|power","{}","avatar|role","{}","role|avatar","{}","4","4","1","2","4","1","1","4","5","5","5","1","5","1","2","1",NA,"main","2",NA,TRUE,FALSE,FALSE,FALSE,TRUE,FALSE,FALSE,FALSE,TRUE,TRUE,FALSE,FALSE,FALSE,FALSE,TRUE,FALSE,FALSE,FALSE,TRUE,FALSE
"39","193","Approved",602,"expected_success","market","67832","consistent","{}",1,"this is the best hit i ever done. i hope you post more. thank you","avatar|interesting|power","{}","avatar|interesting","{}","role","{}","3","2","1","2","3","1","1","3","5","5","5","1","5","1","2","1",NA,"main","2",NA,TRUE,TRUE,FALSE,FALSE,TRUE,FALSE,FALSE,TRUE,FALSE,TRUE,FALSE,FALSE,FALSE,FALSE,FALSE,FALSE,FALSE,FALSE,TRUE,FALSE
"40","9","Approved",2885,"expected_success","market","67832","variable","{}",2,"{}","avatar|no-control|value-clash|power|progress","{}","avatar|role|other","If it makes sense morally to do so.","avatar|power","{}","1","2","2","5","2","1","1","4","5","5","5","1","5","1","1","1",NA,"main","2",NA,TRUE,FALSE,TRUE,TRUE,TRUE,TRUE,FALSE,FALSE,TRUE,TRUE,FALSE,FALSE,TRUE,FALSE,TRUE,FALSE,FALSE,TRUE,FALSE,FALSE
"41","137","Approved",3441,"expected_success","market","67832","variable","{}",1,"I enjoyed this, thank you!","power|progress","{}","avatar|interesting|role|power","{}","avatar|power","{}","4","4","2","2","4","1","1","2","5","5","5","1","5","1","1","1",NA,"main","2",NA,FALSE,FALSE,FALSE,FALSE,TRUE,TRUE,FALSE,TRUE,TRUE,TRUE,TRUE,FALSE,FALSE,FALSE,TRUE,FALSE,FALSE,TRUE,FALSE,FALSE
"42","112","Approved",526,"expected_success","market","67832","variable","{}",1,"Thank you.  Interesting set up.","avatar|power|progress","{}","avatar|role|progress","{}","avatar|power","{}","2","2","1","5","2","1","1","4","5","5","5","1","5","1","1","1",NA,"main","2",NA,TRUE,FALSE,FALSE,FALSE,TRUE,TRUE,FALSE,FALSE,TRUE,TRUE,FALSE,TRUE,FALSE,FALSE,TRUE,FALSE,FALSE,TRUE,FALSE,FALSE
"43","126","Approved",496,"expected_success","market","67832","consistent","{}",2,"It was a great survey overall. Very unique.","avatar|no-control|power|progress","{}","avatar|interesting|progress","{}","interesting|power","{}","4","4","2","2","4","1","1","2","5","5","5","1","5","1","1","1",NA,"main","2",NA,TRUE,FALSE,TRUE,FALSE,TRUE,TRUE,FALSE,TRUE,FALSE,TRUE,FALSE,TRUE,FALSE,FALSE,FALSE,TRUE,FALSE,TRUE,FALSE,FALSE
"44","131","Approved",388,"expected_success","market","67832","variable","{}",2,"{}","avatar|power|progress","{}","avatar|progress","{}","role|avatar|power","{}","4","4","2","2","2","1","1","3","5","5","5","2","4","1","2","1",NA,"main","2",NA,TRUE,FALSE,FALSE,FALSE,TRUE,TRUE,FALSE,FALSE,FALSE,TRUE,FALSE,TRUE,FALSE,FALSE,TRUE,FALSE,FALSE,TRUE,TRUE,FALSE
"45","201","Approved",386,"expected_success","market","67832","variable","{}",2,"{}","interesting|no-control|value-clash","{}","avatar|role","{}","curious|role","{}","2","2","1","5","3","1","1","4","5","5","5","1","5","1","1","1",NA,"main","2",NA,FALSE,TRUE,TRUE,TRUE,FALSE,FALSE,FALSE,FALSE,TRUE,TRUE,FALSE,FALSE,FALSE,TRUE,FALSE,FALSE,FALSE,FALSE,TRUE,FALSE
"46","68","Approved",1911,"unexpected_failure","threatened_innocents","40550","consistent","{}",1,"I'm a 28/M and an avid MMORPG player. This was interesting. I chose the option I did due to curiosity and I tend to like violence in games, therefore that's why I picked what I did.","avatar","{}","power","{}","interesting","{}","2","2","1","2","5","5","1","4","4","1","1","5","5","1","4","1",NA,"main","2",NA,TRUE,FALSE,FALSE,FALSE,FALSE,FALSE,FALSE,FALSE,FALSE,FALSE,TRUE,FALSE,FALSE,FALSE,FALSE,TRUE,FALSE,FALSE,FALSE,FALSE
"47","184","Approved",321,"unexpected_failure","threatened_innocents","40550","variable","{}",1,"this is a very interesting study.  I wish you luck.","progress","{}","role","{}","role","{}","2","2","3","4","4","3","4","2","4","1","1","5","5","1","4","1",NA,"main","2",NA,FALSE,FALSE,FALSE,FALSE,FALSE,TRUE,FALSE,FALSE,TRUE,FALSE,FALSE,FALSE,FALSE,FALSE,FALSE,FALSE,FALSE,FALSE,TRUE,FALSE
"48","162","Approved",628,"unexpected_failure","threatened_innocents","40550","variable","{}",2,"{}","avatar|no-control|power|progress","{}","avatar|interesting|progress","{}","avatar|interesting","{}","1","4","5","2","2","5","4","1","1","1","1","5","2","1","4","2",NA,"main","2",NA,TRUE,FALSE,TRUE,FALSE,TRUE,TRUE,FALSE,TRUE,FALSE,TRUE,FALSE,TRUE,FALSE,FALSE,TRUE,TRUE,FALSE,FALSE,FALSE,FALSE
"50","62","Approved",3822,"unexpected_failure","threatened_innocents","40550","variable","{}",2,"Thank you","avatar|power|progress","{}","avatar|interesting|role|power|progress","{}","role|interesting","{}","4","4","2","2","2","5","1","2","2","1","2","5","4","1","2","4",NA,"main","2",NA,TRUE,FALSE,FALSE,FALSE,TRUE,TRUE,FALSE,TRUE,TRUE,TRUE,TRUE,TRUE,FALSE,FALSE,FALSE,TRUE,FALSE,FALSE,TRUE,FALSE
"51","23","Approved",6505,"unexpected_failure","threatened_innocents","40550","other","I don't play these games ... BUT ... if I did (and I have observed my children playing them) I would expect the story to dictate my judgements. If you don't have much input on your character (which I assume might happen in some cases) then you might decide to be ""bad"" in one game just because as Jessica Rabbit once explained ...   ""I was draw that way!""",2,"Thanks. Tons o''fun and a welcome change.   And the way, as a one-time Road Rallye participant (where we must take things very literally) for a while, it took all my willpower not to write ""those words backwards!"" as the answer to the first question. I truly hope you would accept that answer as well!","avatar|no-control|value-clash|power|progress|other","There's bad but not unexpected ... i.,e I might think the odds are in my favor for something to work, but know there's no guarantee.  So it's hopefully temporarily bad for my characters, but it's not unfair because I understood the risks I was taking. I guess this is a distinction between bad and unfair.   But most of consider unfair as bad ...","avatar|interesting|role|power|progress|other","I feel it's good if is predictable (as far as ""science"" holds in these games)","role|avatar|interesting|power|other","Why risk death or injury by fighting?  Why give up the perfume on the very first encounter?","1","2","1","5","4","5","4","1","2","1","5","2","1","1","5","4",NA,"main","2",NA,TRUE,FALSE,TRUE,TRUE,TRUE,TRUE,TRUE,TRUE,TRUE,TRUE,TRUE,TRUE,TRUE,FALSE,TRUE,TRUE,TRUE,TRUE,TRUE,FALSE
"52","60","Approved",682,"unexpected_failure","threatened_innocents","40550","variable","{}",2,"n/a","avatar|no-control|power","{}","avatar|interesting|power|progress","{}","power","{}","1","1","1","1","1","5","4","1","2","1","2","4","2","1","4","4",NA,"main","2",NA,TRUE,FALSE,TRUE,FALSE,TRUE,FALSE,FALSE,TRUE,FALSE,TRUE,TRUE,TRUE,FALSE,FALSE,FALSE,FALSE,FALSE,TRUE,FALSE,FALSE
"53","26","Approved",1112,"unexpected_failure","threatened_innocents","40550","consistent","{}",2,"{}","avatar|interesting|value-clash|power|progress","{}","avatar|interesting|role|power|progress","{}","curious|avatar|power","{}","4","2","2","2","2","4","2","2","4","2","2","4","4","1","2","2",NA,"main","2",NA,TRUE,TRUE,FALSE,TRUE,TRUE,TRUE,FALSE,TRUE,TRUE,TRUE,TRUE,TRUE,FALSE,TRUE,TRUE,FALSE,FALSE,TRUE,FALSE,FALSE
"54","82","Approved",2065,"unexpected_failure","threatened_innocents","40550","consistent","{}",2,"Cool survey; very different than what I'm normally used to seeing. Thanks!","avatar|interesting|value-clash|power|progress","{}","avatar|interesting|power|progress","{}","curious|interesting|power","{}","2","3","5","3","2","5","4","1","1","1","4",NA,"1","1","4","4",NA,"main","2",NA,TRUE,TRUE,FALSE,TRUE,TRUE,TRUE,FALSE,TRUE,FALSE,TRUE,TRUE,TRUE,FALSE,TRUE,FALSE,TRUE,FALSE,TRUE,FALSE,FALSE
"55","100","Approved",665,"unexpected_failure","threatened_innocents","40550","variable","{}",2,"Thank you. That was interesting.","avatar|no-control|value-clash|power","{}","avatar|power","{}","avatar|power","{}","2","3","1","4","3","5","2","2","3","5","3","5","4","1","4","3",NA,"main","2",NA,TRUE,FALSE,TRUE,TRUE,TRUE,FALSE,FALSE,FALSE,FALSE,TRUE,TRUE,FALSE,FALSE,FALSE,TRUE,FALSE,FALSE,TRUE,FALSE,FALSE
"56","49","Approved",546,"unexpected_failure","threatened_innocents","40550","variable","{}",2,"I thought the chicken option would work  and would be a reliable solution to the problem, without risk of being injured.  It was also interesting.  I wanted to see the adversaries as chickens","avatar","{}","role","{}","interesting","{}","2","2","1","1","3","5","5","1","2","1","2","5","1","1","5","5",NA,"main","2",NA,TRUE,FALSE,FALSE,FALSE,FALSE,FALSE,FALSE,FALSE,TRUE,FALSE,FALSE,FALSE,FALSE,FALSE,FALSE,TRUE,FALSE,FALSE,FALSE,FALSE
"58","52","Approved",542,"unexpected_failure","threatened_innocents","40550","variable","{}",3,"{}","avatar|interesting|power","{}","avatar|interesting|role","{}","avatar","{}",NA,"3","1","2","2","5","1","3","4","1","2","5","4","1","1","2",NA,"main","2",NA,TRUE,TRUE,FALSE,FALSE,TRUE,FALSE,FALSE,TRUE,TRUE,TRUE,FALSE,FALSE,FALSE,FALSE,TRUE,FALSE,FALSE,FALSE,FALSE,FALSE
"60","59","Approved",410,"unexpected_failure","threatened_innocents","40550","no-exp","{}",2,"{}","avatar|no-control|power","{}","avatar","{}","avatar|interesting","{}","1","1","1","1","3","5","4","2","3","1","3","5","2","1","4","4",NA,"main","2",NA,TRUE,FALSE,TRUE,FALSE,TRUE,FALSE,FALSE,FALSE,FALSE,TRUE,FALSE,FALSE,FALSE,FALSE,TRUE,TRUE,FALSE,FALSE,FALSE,FALSE
"61","174","Approved",1078,"unexpected_failure","threatened_innocents","40550","variable","{}",1,"{}","avatar|power|progress","{}","avatar|power|progress","{}","power","{}","3","2","3","3","2","5","2","2","2","1","1","5","3","1","4","3",NA,"main","2",NA,TRUE,FALSE,FALSE,FALSE,TRUE,TRUE,FALSE,FALSE,FALSE,TRUE,TRUE,TRUE,FALSE,FALSE,FALSE,FALSE,FALSE,TRUE,FALSE,FALSE
"62","144","Approved",351,"unexpected_failure","threatened_innocents","40550","variable","{}",1,"{}","avatar|interesting|power","{}","avatar|interesting|role|power|progress","{}","curious|role|other","I imagined the character as if I were reading a book and wanted him to succeed.","2","4","4","3","2","5","1","4","2","1","1","4","4","1","3","4",NA,"main","2",NA,TRUE,TRUE,FALSE,FALSE,TRUE,FALSE,FALSE,TRUE,TRUE,TRUE,TRUE,TRUE,FALSE,TRUE,FALSE,FALSE,TRUE,FALSE,TRUE,FALSE
"64","135","Approved",682,"unexpected_failure","monster_attack","57614","consistent","{}",2,"This was cool thanks","progress","{}","progress","{}","avatar","{}","2","4","2","2","5","4","1","1","2","1","1","5","2","1","5","4",NA,"main","2",NA,FALSE,FALSE,FALSE,FALSE,FALSE,TRUE,FALSE,FALSE,FALSE,FALSE,FALSE,TRUE,FALSE,FALSE,TRUE,FALSE,FALSE,FALSE,FALSE,FALSE
"65","110","Approved",322,"unexpected_failure","monster_attack","57614","variable","{}",2,"{}","avatar|no-control|power|progress","{}","avatar|interesting|power|progress","{}","curious|interesting","{}","4","5","2","2","4","5","2","1","2","1","1","5","2","1","4","4",NA,"main","2",NA,TRUE,FALSE,TRUE,FALSE,TRUE,TRUE,FALSE,TRUE,FALSE,TRUE,TRUE,TRUE,FALSE,TRUE,FALSE,TRUE,FALSE,FALSE,FALSE,FALSE
"66","57","Approved",155,"unexpected_failure","monster_attack","57614","consistent","{}",2,"{}","avatar","{}","avatar","{}","avatar","{}","4","4","4","2","2","5","2","1","2","1","2","4","1","1","3","4",NA,"main","2",NA,TRUE,FALSE,FALSE,FALSE,FALSE,FALSE,FALSE,FALSE,FALSE,TRUE,FALSE,FALSE,FALSE,FALSE,TRUE,FALSE,FALSE,FALSE,FALSE,FALSE
"67","84","Approved",849,"unexpected_failure","monster_attack","57614","variable","{}",2,"Thank You, this was interesting!","avatar|power|progress","{}","avatar|role|progress","{}","interesting|power","{}","2","3","1","4","4","2","1","3","4","4","5","5","5","1","3","1",NA,"main","2",NA,TRUE,FALSE,FALSE,FALSE,TRUE,TRUE,FALSE,FALSE,TRUE,TRUE,FALSE,TRUE,FALSE,FALSE,FALSE,TRUE,FALSE,TRUE,FALSE,FALSE
"70","10","Approved",1894,"unexpected_failure","monster_attack","57614","variable","{}",2,"None... But very fun","avatar|no-control|value-clash|power|progress","{}","avatar|interesting|role|power|progress","{}","curious|interesting","{}","4","4","2","2","3","5","4","2","2","1","2","4","2","1","4","4",NA,"main","2",NA,TRUE,FALSE,TRUE,TRUE,TRUE,TRUE,FALSE,TRUE,TRUE,TRUE,TRUE,TRUE,FALSE,TRUE,FALSE,TRUE,FALSE,FALSE,FALSE,FALSE
"71","22","Approved",975,"unexpected_failure","monster_attack","57614","consistent","{}",2,"This was interesting, thanks!","interesting|progress","{}","interesting|role|progress","{}","avatar","{}","4","4","1","1","2","4","1","1","5","2","2","4","5","1","4","1",NA,"main","2",NA,FALSE,TRUE,FALSE,FALSE,FALSE,TRUE,FALSE,TRUE,TRUE,FALSE,FALSE,TRUE,FALSE,FALSE,TRUE,FALSE,FALSE,FALSE,FALSE,FALSE
"72","194","Approved",3022,"unexpected_failure","monster_attack","57614","consistent","{}",1,"{}","avatar|interesting|value-clash|power|progress","{}","avatar|interesting|role|power|progress","{}","avatar","{}","4","2","2","2","2","5","1","1","3","1","1","4","3","1","4","3",NA,"main","2",NA,TRUE,TRUE,FALSE,TRUE,TRUE,TRUE,FALSE,TRUE,TRUE,TRUE,TRUE,TRUE,FALSE,FALSE,TRUE,FALSE,FALSE,FALSE,FALSE,FALSE
"73","81","Approved",961,"unexpected_failure","monster_attack","57614","consistent","{}",1,"{}","avatar|power|progress","{}","avatar|power|progress","{}","power","{}","1","1","3","3","1","4","4","1","2","1","2","5","2","1","4","4",NA,"main","2",NA,TRUE,FALSE,FALSE,FALSE,TRUE,TRUE,FALSE,FALSE,FALSE,TRUE,TRUE,TRUE,FALSE,FALSE,FALSE,FALSE,FALSE,TRUE,FALSE,FALSE
"74","19","Approved",324,"unexpected_failure","monster_attack","57614","variable","{}",2,"This survey was fun.","progress","{}","avatar","{}","avatar","{}","4","4","5","5","2","4","2","1","2","2","2","4","4","1","4","3",NA,"main","2",NA,FALSE,FALSE,FALSE,FALSE,FALSE,TRUE,FALSE,FALSE,FALSE,TRUE,FALSE,FALSE,FALSE,FALSE,TRUE,FALSE,FALSE,FALSE,FALSE,FALSE
"76","40","Approved",1411,"unexpected_failure","monster_attack","57614","variable","{}",2,"{}","avatar|no-control|power","{}","interesting|role|power","{}","curious|role|interesting","{}","2","5","5","4","2","5","2","1","2","1","2","5","4","1","5","3",NA,"main","2",NA,TRUE,FALSE,TRUE,FALSE,TRUE,FALSE,FALSE,TRUE,TRUE,FALSE,TRUE,FALSE,FALSE,TRUE,FALSE,TRUE,FALSE,FALSE,TRUE,FALSE
"77","86","Approved",737,"unexpected_failure","monster_attack","57614","no-exp","{}",2,"Thank you.","avatar","{}","power","{}","avatar|interesting","{}","4","4","1","5","2","5","5","1","2","2","2","4","1","1","5","5",NA,"main","2",NA,TRUE,FALSE,FALSE,FALSE,FALSE,FALSE,FALSE,FALSE,FALSE,FALSE,TRUE,FALSE,FALSE,FALSE,TRUE,TRUE,FALSE,FALSE,FALSE,FALSE
"78","32","Approved",366,"unexpected_failure","market","46585","consistent","{}",1,"{}","avatar|power|progress","{}","avatar|interesting|role|power|progress","{}","role","{}","4","2","4","2","3","4","2","1","4","3","2","4","4","1","4","3",NA,"main","1",NA,TRUE,FALSE,FALSE,FALSE,TRUE,TRUE,FALSE,TRUE,TRUE,TRUE,TRUE,TRUE,FALSE,FALSE,FALSE,FALSE,FALSE,FALSE,TRUE,FALSE
"79","37","Approved",769,"unexpected_failure","market","46585","variable","{}",1,"This hit was actually interesting. Thanks!! :)","avatar|interesting|no-control|value-clash|power|progress","{}","avatar|interesting|role|progress","{}","avatar|power","{}","2","2","2","4","2","4","2","3","3","2","4","2","4","1","2","3",NA,"main","1",NA,TRUE,TRUE,TRUE,TRUE,TRUE,TRUE,FALSE,TRUE,TRUE,TRUE,FALSE,TRUE,FALSE,FALSE,TRUE,FALSE,FALSE,TRUE,FALSE,FALSE
"81","141","Approved",3171,"unexpected_failure","market","46585","variable","{}",1,"I generally would have to adjust my character's behavior to fit the situation I am in, and decide which seems to have the best overall projected outcome.","avatar|power|progress","{}","avatar|interesting|power|progress","{}","speed|power","{}","3","2","4","2","3","3","2","3","3","2","2","3","4","1","1","3",NA,"main","1",NA,TRUE,FALSE,FALSE,FALSE,TRUE,TRUE,FALSE,TRUE,FALSE,TRUE,TRUE,TRUE,FALSE,FALSE,FALSE,FALSE,FALSE,TRUE,FALSE,TRUE
"82","149","Approved",1443,"unexpected_failure","market","46585","variable","{}",1,"{}","avatar|power","{}","avatar|interesting|role|power|progress","{}","curious|role|power","{}","4","3","2","2","4","5","1","3","3","1","1","5","3","1","2","3",NA,"main","1",NA,TRUE,FALSE,FALSE,FALSE,TRUE,FALSE,FALSE,TRUE,TRUE,TRUE,TRUE,TRUE,FALSE,TRUE,FALSE,FALSE,FALSE,TRUE,TRUE,FALSE
"83","168","Approved",301,"unexpected_failure","market","46585","variable","{}",3,"{}","avatar|value-clash|power","{}","avatar|interesting|role|power","{}","curious|role|avatar|power","{}","3","2","2","2","2","2","2","2","4","3","3","5","4","1","2","2",NA,"main","1",NA,TRUE,FALSE,FALSE,TRUE,TRUE,FALSE,FALSE,TRUE,TRUE,TRUE,TRUE,FALSE,FALSE,TRUE,TRUE,FALSE,FALSE,TRUE,TRUE,FALSE
"84","17","Approved",1186,"unexpected_failure","market","46585","variable","{}",3,"This is one of the best surveys I've ever taken, thanks!

I hope I got the 18 year old confirmation correct. I considered spelling the words backwards but didn't. 
I typed: ""I confirm that I am at least eighteen years of age.""","avatar|interesting|power|progress","{}","avatar|interesting|role|power|progress","{}","curious|role|avatar|power","{}","4","2","1","1","5","5","4","1","2","1","2","5","2","1","4","4",NA,"main","1",NA,TRUE,TRUE,FALSE,FALSE,TRUE,TRUE,FALSE,TRUE,TRUE,TRUE,TRUE,TRUE,FALSE,TRUE,TRUE,FALSE,FALSE,TRUE,TRUE,FALSE
"86","169","Approved",551,"unexpected_failure","market","46585","variable","{}",3,"I'd be interested in finding more about what this HIT is about: kaksonen1@yahoo.com","no-control|value-clash","{}","avatar|interesting|role|power|progress|other","As this reminds me when I was young (I'm 40) and played a lot of text adventures, I would have wished there was a bit more development before making a choice or if the this experiment had me make several choices rather than one. I was actually hopeful for the latter.","role|avatar|power","{}","1","1","1","2","1","1","1","4","4","3","5","1","4","1","1","1",NA,"main","1",NA,FALSE,FALSE,TRUE,TRUE,FALSE,FALSE,FALSE,TRUE,TRUE,TRUE,TRUE,TRUE,TRUE,FALSE,TRUE,FALSE,FALSE,TRUE,TRUE,FALSE
"87","92","Approved",452,"unexpected_failure","market","46585","consistent","{}",1,"I really enjoyed this. Thank you for the opportunity,","value-clash","{}","avatar","{}","avatar","{}","4","5","1","4","2","5","1","4","4","1","3","2","5","1","2","1",NA,"main","1",NA,FALSE,FALSE,FALSE,TRUE,FALSE,FALSE,FALSE,FALSE,FALSE,TRUE,FALSE,FALSE,FALSE,FALSE,TRUE,FALSE,FALSE,FALSE,FALSE,FALSE
"88","88","Approved",486,"unexpected_failure","market","46585","variable","{}",1,"{}","avatar|no-control|value-clash|power|progress","{}","avatar|interesting|role|power|progress","{}","avatar|power","{}","3","4","3","2","2","4","1","2","2","2","1","4","3","1","2","3",NA,"main","1",NA,TRUE,FALSE,TRUE,TRUE,TRUE,TRUE,FALSE,TRUE,TRUE,TRUE,TRUE,TRUE,FALSE,FALSE,TRUE,FALSE,FALSE,TRUE,FALSE,FALSE
"90","105","Approved",1521,"unexpected_failure","market","46585","variable","{}",3,"This was one of the most fun and interesting surveys I have done in awhile.  Thanks for making it about making decisions and choices as I normally would.","avatar|no-control|value-clash|power|progress","{}","avatar|role|progress","{}","role|avatar|interesting|other","It wasn't a situation I had to be in.  I didn't have to say anything. My objective was to reach my destination so that I could make the most.  Why waste any resources when I didn't need to.","2","2","1","4","5","1","2","4","5","5","5","1","4","1","2","1",NA,"main","1",NA,TRUE,FALSE,TRUE,TRUE,TRUE,TRUE,FALSE,FALSE,TRUE,TRUE,FALSE,TRUE,FALSE,FALSE,TRUE,TRUE,TRUE,FALSE,TRUE,FALSE
"92","90","Approved",572,"unexpected_failure","market","46585","variable","{}",3,"I really wish I could see what the other choices would have had as an outcome.","power","{}","power","{}","power","{}","4","2","1","2","5","1","1","2","5","2","4","4","5","1","2","1",NA,"main","1",NA,FALSE,FALSE,FALSE,FALSE,TRUE,FALSE,FALSE,FALSE,FALSE,FALSE,TRUE,FALSE,FALSE,FALSE,FALSE,FALSE,FALSE,TRUE,FALSE,FALSE
"93","133","Approved",365,"obvious_success","threatened_innocents","47371","consistent","{}",2,"{}","no-control|power","{}","avatar","{}","avatar|interesting|power","{}","2","2","1","5","4","2","2","4","5","4","5","1","5","1","4","2",2,"main","2",TRUE,FALSE,FALSE,TRUE,FALSE,TRUE,FALSE,FALSE,FALSE,FALSE,TRUE,FALSE,FALSE,FALSE,FALSE,TRUE,TRUE,FALSE,TRUE,FALSE,FALSE
"94","50","Approved",305,"obvious_success","threatened_innocents","47371","variable","{}",2,"{}","avatar|interesting|no-control|value-clash|progress","{}","avatar|interesting|role|power|progress","{}","avatar","{}","1","1","1","5","5","1","1","5","5","5","5","1","5","1","1","1",2,"main","2",TRUE,TRUE,TRUE,TRUE,TRUE,FALSE,TRUE,FALSE,TRUE,TRUE,TRUE,TRUE,TRUE,FALSE,FALSE,TRUE,FALSE,FALSE,FALSE,FALSE,FALSE
"95","120","Approved",1084,"obvious_success","threatened_innocents","47371","variable","{}",1,"{}","avatar|no-control|value-clash|power","{}","avatar|interesting|role","{}","role","{}","1","3","5","2","2","5","2","1","1","1","1","5","4","1","5","4",2,"alt","2",TRUE,TRUE,FALSE,TRUE,TRUE,TRUE,FALSE,FALSE,TRUE,TRUE,TRUE,FALSE,FALSE,FALSE,FALSE,FALSE,FALSE,FALSE,FALSE,TRUE,FALSE
"96","139","Approved",307,"obvious_success","threatened_innocents","47371","consistent","{}",2,"Love this hit so much; I grew up reading choose-your-own adventure books and now am heavily into MMO's, with World of Warcraft being my constant lover, but have dabbled in others.","avatar|interesting|power|progress","{}","avatar|interesting|role|power|progress","{}","speed|curious|role|avatar","{}","1","1","1","5","2","1","1","5","5","5","5","1","5","1","1","1",2,"main","2",TRUE,TRUE,TRUE,FALSE,FALSE,TRUE,TRUE,FALSE,TRUE,TRUE,TRUE,TRUE,TRUE,FALSE,TRUE,TRUE,FALSE,FALSE,FALSE,TRUE,TRUE
"97","16","Approved",529,"obvious_success","threatened_innocents","47371","variable","{}",2,"{}","power|progress","{}","avatar|role|power|progress","{}","role|avatar|interesting|power","{}","1","1","2","5","3","1","1","5","5","5","5","1","5","1","1","1",2,"main","2",TRUE,FALSE,FALSE,FALSE,FALSE,TRUE,TRUE,FALSE,FALSE,TRUE,TRUE,TRUE,TRUE,FALSE,FALSE,TRUE,TRUE,FALSE,TRUE,TRUE,FALSE
"98","38","Approved",436,"obvious_success","threatened_innocents","47371","variable","{}",1,"{}","avatar","{}","avatar|interesting","{}","role|avatar","{}","2","5","1","4","1","4","1","4","2","1","1","5","5","1","2","2",2,"alt","2",TRUE,TRUE,FALSE,FALSE,FALSE,FALSE,FALSE,FALSE,TRUE,FALSE,TRUE,FALSE,FALSE,FALSE,FALSE,TRUE,FALSE,FALSE,FALSE,TRUE,FALSE
"99","113","Approved",609,"obvious_success","threatened_innocents","47371","variable","{}",2,"That was a really fun survey. Thanks!","value-clash|power","{}","avatar|interesting|role|power","{}","curious|role|avatar","{}","1","1","1","5","1","1","1","2","5","5","5","1","5","1","4","1",2,"main","2",TRUE,FALSE,FALSE,FALSE,TRUE,TRUE,FALSE,FALSE,TRUE,TRUE,TRUE,TRUE,FALSE,FALSE,TRUE,TRUE,FALSE,FALSE,FALSE,TRUE,FALSE
"101","132","Approved",860,"obvious_success","threatened_innocents","47371","consistent","{}",2,"Very interesting questions, and aligned to my interests (role-playing). Thank you!","avatar|power|progress","{}","avatar|role|power|progress","{}","avatar|interesting|power|other","When role-playing I generally take the most benevolent choices. In this case, I did not want the leave the merchant to be harassed by the bandits. A second motivation, which is more self-serving, is that I hope the merchant will reward me.","2","4","1","5","5","1","1","5","4","5","5","1","5","1","1","1",2,"main","2",TRUE,TRUE,FALSE,FALSE,FALSE,TRUE,TRUE,FALSE,FALSE,TRUE,TRUE,TRUE,TRUE,FALSE,FALSE,TRUE,TRUE,TRUE,TRUE,FALSE,FALSE
"103","63","Approved",461,"obvious_success","threatened_innocents","47371","variable","{}",2,"{}","interesting|no-control","{}","role","{}","avatar","{}",NA,"1","1","5","1","1","1","5","4","5","5","4","4","1","1","1",2,"main","2",TRUE,FALSE,TRUE,TRUE,FALSE,FALSE,FALSE,FALSE,FALSE,TRUE,FALSE,FALSE,FALSE,FALSE,FALSE,TRUE,FALSE,FALSE,FALSE,FALSE,FALSE
"104","164","Approved",6273,"obvious_success","threatened_innocents","47371","consistent","{}",2,"Thanks for the opportunity to participate and good luck with your research.   In interactive experiences, I think that I tend to immerse myself in the character and I try to select the option that provides the best outcome for my character in that particular scenario.   Thanks again!","avatar","{}","role","{}","avatar|power","{}","1","1","1","4","2","1","1","4","5","5","5","1","5","1","1","1",2,"main","2",TRUE,TRUE,FALSE,FALSE,FALSE,FALSE,FALSE,FALSE,FALSE,TRUE,FALSE,FALSE,FALSE,FALSE,FALSE,TRUE,FALSE,FALSE,TRUE,FALSE,FALSE
"105","33","Approved",309,"obvious_success","threatened_innocents","47371","variable","{}",2,"{}","avatar|no-control|power|progress","{}","avatar|progress","{}","avatar|interesting|power","{}","2","1","1","5","2","1","2","4","5","4","5","1","5","1","1","1",2,"main","2",TRUE,TRUE,FALSE,TRUE,FALSE,TRUE,TRUE,FALSE,FALSE,FALSE,TRUE,FALSE,TRUE,FALSE,FALSE,TRUE,TRUE,FALSE,TRUE,FALSE,FALSE
"106","121","Approved",5463,"obvious_success","threatened_innocents","47371","variable","{}",2,"This was a fun survey to take. Thank you for posting it. I enjoyed reading the interactive story and making a choice.","avatar","{}","avatar","{}","role|power","{}","2","2","2","4","2","1","1","4","5","5","5","1","5","1","1","1",2,"main","2",TRUE,TRUE,FALSE,FALSE,FALSE,FALSE,FALSE,FALSE,FALSE,FALSE,TRUE,FALSE,FALSE,FALSE,FALSE,FALSE,FALSE,FALSE,TRUE,TRUE,FALSE
"107","157","Approved",2047,"obvious_success","threatened_innocents","47371","no-exp","{}",2,"{}","avatar|interesting|no-control|value-clash|power|progress","{}","avatar|interesting|role|power|progress","{}","avatar|interesting|power","{}","2","2","2","4","2","2","2","4","4","4","4","1","4","1","2","2",2,"main","2",TRUE,TRUE,TRUE,TRUE,TRUE,TRUE,TRUE,FALSE,TRUE,TRUE,TRUE,TRUE,TRUE,FALSE,FALSE,TRUE,TRUE,FALSE,TRUE,FALSE,FALSE
"108","122","Approved",428,"obvious_success","monster_attack","9114","variable","{}",2,"I am probably going to write way too much here, but this actually touches on something I think a lot about, what makes for good vs bad storytelling.  I love when a world I'm immersed in makes a thorough attempt to make sure that the rules of the story are consistent with the rules of the world.  Nothing throws me out of the story faster than if something is inconsistent.  If I had picked any of the other options and somehow escaped, I would have felt the outcome was bad, because I did NOT have the skills necessary to complete said outcome.

Thanks for this, this was an amazing HIT on a rainy Saturday.","other","I feel an outcome is bad when it does NOT make sense within the context of the story.","interesting|role|progress|other","I feel an outcome is good when it makes sense within the context of the story.","avatar|power","{}","1","1","1","5","3","1","1","3","5","5","5","1","5","1","4","1",2,"main","2",TRUE,FALSE,FALSE,FALSE,FALSE,FALSE,FALSE,TRUE,TRUE,TRUE,FALSE,FALSE,TRUE,TRUE,FALSE,TRUE,FALSE,FALSE,TRUE,FALSE,FALSE
"110","7","Approved",463,"obvious_success","monster_attack","9114","consistent","{}",2,"nice HIT, thanks for using Mturk! Have a great day! :)","avatar|interesting|no-control|value-clash|power|progress","{}","avatar|role|power|progress","{}","speed|curious|role|avatar|interesting|power","{}","1","1","1","5","1","1","1","5","5","5","5","1","5","1","1","1",2,"main","2",TRUE,TRUE,TRUE,TRUE,TRUE,TRUE,TRUE,FALSE,FALSE,TRUE,TRUE,TRUE,TRUE,FALSE,TRUE,TRUE,TRUE,FALSE,TRUE,TRUE,TRUE
"111","64","Approved",6384,"obvious_success","monster_attack","9114","consistent","{}",2,"No comments","avatar|progress","{}","avatar|progress","{}","role|avatar|power","{}","1","1","1","5","1","1","1","5","5","5","5","1","5","1","1","1",2,"main","2",TRUE,TRUE,FALSE,FALSE,FALSE,FALSE,TRUE,FALSE,FALSE,FALSE,TRUE,FALSE,TRUE,FALSE,FALSE,TRUE,FALSE,FALSE,TRUE,TRUE,FALSE
"113","58","Approved",225,"obvious_success","monster_attack","9114","variable","{}",2,"Nothing else, interesting HIT, thank you!","avatar|interesting|no-control|value-clash|power|progress","{}","avatar|role|power|progress","{}","speed|curious|role|avatar|power","{}","2","2","2","5","3","1","2","4","5","5","5","1","5","1","2","1",2,"main","2",TRUE,TRUE,TRUE,TRUE,TRUE,TRUE,TRUE,FALSE,FALSE,TRUE,TRUE,TRUE,TRUE,FALSE,TRUE,TRUE,FALSE,FALSE,TRUE,TRUE,TRUE
"114","153","Approved",1146,"obvious_success","monster_attack","9114","variable","{}",2,"{}","avatar|no-control","{}","avatar|progress","{}","role|power","{}","4","4","2","5","2","1","2","5","5","5","5","2","5","1","1","2",2,"main","2",TRUE,TRUE,FALSE,TRUE,FALSE,FALSE,FALSE,FALSE,FALSE,FALSE,TRUE,FALSE,TRUE,FALSE,FALSE,FALSE,FALSE,FALSE,TRUE,TRUE,FALSE
"115","204","Approved",399,"obvious_success","monster_attack","9114","variable","{}",2,"{}","avatar|value-clash|power|progress","{}","avatar|power|progress","{}","power","{}","3","1","1","5","1","1","1","3","5","5","5","1","5","1","3","1",2,"main","2",TRUE,TRUE,FALSE,FALSE,TRUE,TRUE,TRUE,FALSE,FALSE,FALSE,TRUE,TRUE,TRUE,FALSE,FALSE,FALSE,FALSE,FALSE,TRUE,FALSE,FALSE
"116","75","Approved",937,"obvious_success","monster_attack","9114","consistent","{}",2,"Interesting!","avatar|power|progress","{}","avatar|interesting|power|progress","{}","role|avatar|interesting|power","{}","2","2","1","5","2","1","1","5","5","5","5","1","5","1","2","1",2,"main","2",TRUE,TRUE,FALSE,FALSE,FALSE,TRUE,TRUE,FALSE,TRUE,FALSE,TRUE,TRUE,TRUE,FALSE,FALSE,TRUE,TRUE,FALSE,TRUE,TRUE,FALSE
"117","104","Approved",396,"obvious_success","monster_attack","9114","variable","{}",2,"Thank you for the opportunity. Very, very cool.","avatar|progress","{}","avatar|interesting|progress","{}","avatar","{}","2","1","1","5","2","1","1","4","5","5","5","1","5","1","1","1",2,"main","2",TRUE,TRUE,FALSE,FALSE,FALSE,FALSE,TRUE,FALSE,TRUE,FALSE,TRUE,FALSE,TRUE,FALSE,FALSE,TRUE,FALSE,FALSE,FALSE,FALSE,FALSE
"118","21","Approved",610,"obvious_success","monster_attack","9114","variable","{}",2,"I hope that the attention check sentence writing isn't case sensitive.","avatar|progress","{}","avatar","{}","power","{}","2","2","4","5","5","1","1","5","5","5","5","1","5","1","1","1",2,"main","2",TRUE,TRUE,FALSE,FALSE,FALSE,FALSE,TRUE,FALSE,FALSE,FALSE,TRUE,FALSE,FALSE,FALSE,FALSE,FALSE,FALSE,FALSE,TRUE,FALSE,FALSE
"119","134","Approved",261,"obvious_success","monster_attack","9114","no-exp","{}",2,"{}","avatar|no-control|power|progress","{}","avatar|progress","{}","role|power","{}","2","2","1","5","1","1","1","5","5","5","5","1","5","1","1","1",2,"main","2",TRUE,TRUE,FALSE,TRUE,FALSE,TRUE,TRUE,FALSE,FALSE,FALSE,TRUE,FALSE,TRUE,FALSE,FALSE,FALSE,FALSE,FALSE,TRUE,TRUE,FALSE
"120","20","Approved",677,"obvious_success","monster_attack","9114","variable","{}",2,"{}","avatar|interesting|power","{}","avatar|interesting|role","{}","role|avatar|power","{}","4",NA,"1","4","1","1","1","5","5","5","5","1","5","1","1","1",2,"main","2",TRUE,TRUE,TRUE,FALSE,FALSE,TRUE,FALSE,FALSE,TRUE,TRUE,TRUE,FALSE,FALSE,FALSE,FALSE,TRUE,FALSE,FALSE,TRUE,TRUE,FALSE
"121","173","Approved",363,"obvious_success","monster_attack","9114","variable","na",2,"this was a great hit..super interesting","avatar|progress","I feel an outcome is bad if my character dies","avatar|other","I feel an outcome is good if im still alive","power","n/a","3","3","1","5","2","1","1","4","5","5","5","1","5","1","2","1",2,"main","2",TRUE,TRUE,FALSE,FALSE,FALSE,FALSE,TRUE,FALSE,FALSE,FALSE,TRUE,FALSE,FALSE,TRUE,FALSE,FALSE,FALSE,FALSE,TRUE,FALSE,FALSE
"125","202","Approved",1784,"obvious_success","market","20739","variable","{}",2,"interesting HIT. would have liked to see some sort of debriefing to see what you were studying in this HIT","avatar","{}","avatar|progress","{}","avatar","{}","2","2","2","4","3","1","1","4","4","4","4","2","4","1","1","1",1,"alt","2",FALSE,TRUE,FALSE,FALSE,FALSE,FALSE,FALSE,FALSE,FALSE,FALSE,TRUE,FALSE,TRUE,FALSE,FALSE,TRUE,FALSE,FALSE,FALSE,FALSE,FALSE
"126","45","Approved",909,"obvious_success","market","20739","variable","{}",2,"i LOVED this hit/survey, i wish there were more to do like it","avatar|power|progress","{}","avatar|interesting|role","{}","curious|role","{}","1","1","2","2","3","1","1","5","3","4","3","3","4","1","1","1",1,"alt","2",FALSE,TRUE,FALSE,FALSE,FALSE,TRUE,TRUE,FALSE,TRUE,TRUE,TRUE,FALSE,FALSE,FALSE,TRUE,FALSE,FALSE,FALSE,FALSE,TRUE,FALSE
"130","99","Approved",1836,"obvious_success","market","20739","variable","{}",1,"{}","avatar|interesting|power|progress","{}","role|power","{}","curious|interesting","{}","5","1","5","1","1","5","5","1","4","1","1","5","1","1","5","2",1,"main","2",FALSE,TRUE,TRUE,FALSE,FALSE,TRUE,TRUE,FALSE,FALSE,TRUE,FALSE,TRUE,FALSE,FALSE,TRUE,FALSE,TRUE,FALSE,FALSE,FALSE,FALSE
"131","200","Approved",241,"obvious_success","market","20739","variable","{}",1,"{}","no-control","{}","interesting|role","{}","role|power","{}","2","2","2","4","3","2","2","5","5","4","4","3","5","1","1","1",1,"main","2",FALSE,FALSE,FALSE,TRUE,FALSE,FALSE,FALSE,FALSE,TRUE,TRUE,FALSE,FALSE,FALSE,FALSE,FALSE,FALSE,FALSE,FALSE,TRUE,TRUE,FALSE
"132","185","Approved",414,"obvious_success","market","20739","no-exp","{}",2,"{}","progress","{}","progress","{}","power","{}","4","4","2","4","4","1","1","5","4","4","3","4","5","1","1","1",1,"alt","2",FALSE,FALSE,FALSE,FALSE,FALSE,FALSE,TRUE,FALSE,FALSE,FALSE,FALSE,FALSE,TRUE,FALSE,FALSE,FALSE,FALSE,FALSE,TRUE,FALSE,FALSE
"133","61","Approved",422,"obvious_success","market","20739","consistent","{}",2,"none - thank you!","power","{}","power","{}","avatar","{}","2","2","2","2","5","1","1","4","5","4","4","2","5","1","1","2",1,"alt","2",FALSE,FALSE,FALSE,FALSE,FALSE,TRUE,FALSE,FALSE,FALSE,FALSE,FALSE,TRUE,FALSE,FALSE,FALSE,TRUE,FALSE,FALSE,FALSE,FALSE,FALSE
"136","195","Approved",272,"obvious_success","market","20739","variable","{}",3,"{}","no-control|power|progress","{}","interesting|power|progress","{}","curious|interesting","{}","3","1","1","2","4","4","2","1","3","2","2","4","2","1","4","3",1,"alt","2",FALSE,FALSE,FALSE,TRUE,FALSE,TRUE,TRUE,FALSE,TRUE,FALSE,FALSE,TRUE,TRUE,FALSE,TRUE,FALSE,TRUE,FALSE,FALSE,FALSE,FALSE
"137","118","Approved",286,"obvious_success","market","20739","variable","{}",2,"No comment","avatar|power|progress","{}","other","I feel an outcome is good if nothing bad happens to my character.","curious|avatar|power","{}","2","2","3","4","4","1","1","5","5","4","5","2","5","1","1","1",1,"alt","2",FALSE,TRUE,FALSE,FALSE,FALSE,TRUE,TRUE,FALSE,FALSE,FALSE,FALSE,FALSE,FALSE,TRUE,TRUE,TRUE,FALSE,FALSE,TRUE,FALSE,FALSE
"142","155","Approved",311,"obvious_failure","threatened_innocents","8638","variable","{}",2,"{}","avatar|interesting|no-control|power|progress","{}","avatar|interesting|role|power|progress","{}","role|power","{}","1","1","1","5","3","5","5","1","1","1","4","1","1","1","5","5",2,"main","2",TRUE,TRUE,TRUE,TRUE,FALSE,TRUE,TRUE,FALSE,TRUE,TRUE,TRUE,TRUE,TRUE,FALSE,FALSE,FALSE,FALSE,FALSE,TRUE,TRUE,FALSE
"143","1","Approved",373,"obvious_failure","threatened_innocents","8638","variable","{}",2,"{}","avatar|power|progress","{}","avatar|power|progress","{}","role|power","{}","2","2","2","4","2","3","3","2","3","2","3","3","2","1","2","3",2,"main","2",TRUE,TRUE,FALSE,FALSE,FALSE,TRUE,TRUE,FALSE,FALSE,FALSE,TRUE,TRUE,TRUE,FALSE,FALSE,FALSE,FALSE,FALSE,TRUE,TRUE,FALSE
"145","130","Approved",368,"obvious_failure","threatened_innocents","8638","consistent","{}",2,"Fun and unique survey - I love RPGs so this was right up my alley!","avatar|value-clash|power|progress","{}","avatar|interesting|role|power|progress","{}","role|avatar|interesting|power","{}","2","2","1","5","2","5","4","1","2","1","3","4","3","1","4","4",2,"main","2",TRUE,TRUE,FALSE,FALSE,TRUE,TRUE,TRUE,FALSE,TRUE,TRUE,TRUE,TRUE,TRUE,FALSE,FALSE,TRUE,TRUE,FALSE,TRUE,TRUE,FALSE
"146","83","Approved",361,"obvious_failure","threatened_innocents","8638","consistent","{}",1,"None","avatar","{}","role","{}","avatar","{}","1","1","2","4","2","1","1","3","5","5","5","1","5","1","3","1",2,"alt","2",TRUE,TRUE,FALSE,FALSE,FALSE,FALSE,FALSE,FALSE,FALSE,TRUE,FALSE,FALSE,FALSE,FALSE,FALSE,TRUE,FALSE,FALSE,FALSE,FALSE,FALSE
"149","186","Approved",623,"obvious_failure","threatened_innocents","8638","consistent","{}",2,"{}","avatar","{}","avatar","{}","avatar","{}","4","3","3","4","3","5","4","2","3","1","3","3","3","1","4","3",2,"main","2",TRUE,TRUE,FALSE,FALSE,FALSE,FALSE,FALSE,FALSE,FALSE,FALSE,TRUE,FALSE,FALSE,FALSE,FALSE,TRUE,FALSE,FALSE,FALSE,FALSE,FALSE
"150","138","Approved",196,"obvious_failure","threatened_innocents","8638","variable","{}",2,"{}","avatar|power","{}","avatar","{}","curious|avatar|interesting","{}","3",NA,"5","3","1","4","3","5","3","1","3","4","2","1","5","2",2,"main","2",TRUE,TRUE,FALSE,FALSE,FALSE,TRUE,FALSE,FALSE,FALSE,FALSE,TRUE,FALSE,FALSE,FALSE,TRUE,TRUE,TRUE,FALSE,FALSE,FALSE,FALSE
"151","116","Approved",567,"obvious_failure","threatened_innocents","8638","other","It depends on how deeply I am interacting with a character. I do have a general moral set for my characters, but certain characters require special play.",2,"{}","interesting|no-control|value-clash|progress","{}","avatar|interesting|power|progress|other","While obtaining a positive result from an action, not all positive actions promote good story development and might not actually be a good outcome.","role|avatar|power|other","If I have options to handle situations that do not rely on violence, I generally pick those first.","2","2","1","4","4","4","2","2","4","1","3","4","2","1","4","3",2,"main","2",TRUE,FALSE,TRUE,TRUE,TRUE,FALSE,TRUE,FALSE,TRUE,FALSE,TRUE,TRUE,TRUE,TRUE,FALSE,TRUE,FALSE,TRUE,TRUE,TRUE,FALSE
"152","143","Approved",458,"obvious_failure","threatened_innocents","8638","consistent","{}",2,"{}","interesting","{}","role","{}","power","{}","2","2","4","5","1","4","4","1","1","2","5","1","1","1","5","4",2,"main","2",TRUE,FALSE,TRUE,FALSE,FALSE,FALSE,FALSE,FALSE,FALSE,TRUE,FALSE,FALSE,FALSE,FALSE,FALSE,FALSE,FALSE,FALSE,TRUE,FALSE,FALSE
"153","171","Approved",249,"obvious_failure","threatened_innocents","8638","variable","{}",2,"{}","avatar|no-control|value-clash|progress","{}","avatar|interesting|role|progress","{}","curious|role|interesting|power","{}","4","4","4","2","2","5","3","1","2","1","2","4","2","1","4","2",2,"main","2",TRUE,TRUE,FALSE,TRUE,TRUE,FALSE,TRUE,FALSE,TRUE,TRUE,TRUE,FALSE,TRUE,FALSE,TRUE,FALSE,TRUE,FALSE,TRUE,TRUE,FALSE
"155","152","Approved",424,"obvious_failure","threatened_innocents","8638","variable","{}",2,"I don't understand why the bandits didn't turn into chickens like they should have.  Otherwise, great survey; thanks!","avatar|interesting|no-control|value-clash|power|progress|other","when the outcome is NOT what it should have been, it's a bad outcome","role|power|progress|other","the outcome is good when it meets my expectations","role|avatar|interesting|power","{}","4","3","4","5","5","5","4","1","1","1","4","1","1","1","5","4",2,"main","2",TRUE,TRUE,TRUE,TRUE,TRUE,TRUE,TRUE,TRUE,FALSE,TRUE,FALSE,TRUE,TRUE,TRUE,FALSE,TRUE,TRUE,FALSE,TRUE,TRUE,FALSE
"156","51","Approved",1315,"obvious_failure","threatened_innocents","8638","variable","{}",2,"{}","avatar","{}","interesting|role","{}","power","{}","2",NA,"1","4","3","3","3","2","3","3","3","3","2","1","4","3",2,"main","2",TRUE,TRUE,FALSE,FALSE,FALSE,FALSE,FALSE,FALSE,TRUE,TRUE,FALSE,FALSE,FALSE,FALSE,FALSE,FALSE,FALSE,FALSE,TRUE,FALSE,FALSE
"158","111","Approved",1008,"obvious_failure","monster_attack","28306","consistent","{}",3,"{}","avatar|no-control|value-clash|power|progress","{}","avatar|role|power|progress","{}","avatar|interesting","{}","5","5","1","1","1","5","5","1","1","1","1","5","1","1","5","5",3,"main","3",TRUE,TRUE,FALSE,TRUE,TRUE,TRUE,TRUE,FALSE,FALSE,TRUE,TRUE,TRUE,TRUE,FALSE,FALSE,TRUE,TRUE,FALSE,FALSE,FALSE,FALSE
"160","93","Approved",3670,"obvious_failure","monster_attack","28306","variable","{}",2,"{}","power","{}","interesting","{}","role","{}","3","2","2","4","4","1","2","3","5","5","5","1","4","1","3","1",3,"alt","3",TRUE,FALSE,FALSE,FALSE,FALSE,TRUE,FALSE,FALSE,TRUE,FALSE,FALSE,FALSE,FALSE,FALSE,FALSE,FALSE,FALSE,FALSE,FALSE,TRUE,FALSE
"161","167","Approved",787,"obvious_failure","monster_attack","28306","variable","{}",3,"Just that I think I made the right choice for what I had to work with.","avatar","{}","avatar","{}","power","{}","2","1","4","4","2","2","2","3","4","4","4","1","4","1","2","2",3,"main","3",TRUE,TRUE,FALSE,FALSE,FALSE,FALSE,FALSE,FALSE,FALSE,FALSE,TRUE,FALSE,FALSE,FALSE,FALSE,FALSE,FALSE,FALSE,TRUE,FALSE,FALSE
"162","41","Approved",395,"obvious_failure","monster_attack","28306","variable","{}",1,"{}","interesting","{}","role","{}","avatar","{}","2","2","2","4","3","2","2","5","4","4","4","1","5","1","2","2",3,"alt","3",TRUE,FALSE,TRUE,FALSE,FALSE,FALSE,FALSE,FALSE,FALSE,TRUE,FALSE,FALSE,FALSE,FALSE,FALSE,TRUE,FALSE,FALSE,FALSE,FALSE,FALSE
"163","67","Approved",449,"obvious_failure","monster_attack","28306","consistent","{}",3,"{}","avatar","{}","avatar|progress","{}","avatar|power","{}","2","2","2","4","1","4","4","2","4","2","4","2","3","1","4","4",3,"main","3",TRUE,TRUE,FALSE,FALSE,FALSE,FALSE,FALSE,FALSE,FALSE,FALSE,TRUE,FALSE,TRUE,FALSE,FALSE,TRUE,FALSE,FALSE,TRUE,FALSE,FALSE
"165","125","Approved",697,"obvious_failure","monster_attack","28306","variable","{}",3,"I wish there were more steps to the story! :D","avatar|no-control|value-clash|power|progress","{}","avatar|interesting|role|power|progress","{}","avatar|interesting|other","I was hoping to slay the ogre and find some magic armor. :D","4","5","1","2","4",NA,"1","4","5","4","4","2","5","1","1","1",3,"main","3",TRUE,TRUE,FALSE,TRUE,TRUE,TRUE,TRUE,FALSE,TRUE,TRUE,TRUE,TRUE,TRUE,FALSE,FALSE,TRUE,TRUE,TRUE,FALSE,FALSE,FALSE
"166","102","Approved",344,"obvious_failure","monster_attack","28306","consistent","{}",3,"Very cool study","avatar","{}","avatar","{}","power","{}","2","1","1","4","1","2","1","4","4","4","4","1","4","1","1","4",3,"main","3",TRUE,TRUE,FALSE,FALSE,FALSE,FALSE,FALSE,FALSE,FALSE,FALSE,TRUE,FALSE,FALSE,FALSE,FALSE,FALSE,FALSE,FALSE,TRUE,FALSE,FALSE
"167","12","Approved",815,"obvious_failure","monster_attack","28306","no-exp","{}",3,"Very confusing attention but check.  Thank you!","avatar|power","{}","avatar|power","{}","role|avatar|interesting|power","{}","2","4","2","4","2","4","2","3","3","2","3","2","5","1","2","4",3,"main","3",TRUE,TRUE,FALSE,FALSE,FALSE,TRUE,FALSE,FALSE,FALSE,FALSE,TRUE,TRUE,FALSE,FALSE,FALSE,TRUE,TRUE,FALSE,TRUE,TRUE,FALSE
"168","127","Approved",2330,"obvious_failure","monster_attack","28306","consistent","{}",3,"{}","progress","{}","progress","{}","power","{}","2","2","2","5","2","2","1","4","5","2","4","2","5","1","2","4",3,"main","3",TRUE,FALSE,FALSE,FALSE,FALSE,FALSE,TRUE,FALSE,FALSE,FALSE,FALSE,FALSE,TRUE,FALSE,FALSE,FALSE,FALSE,FALSE,TRUE,FALSE,FALSE
"169","128","Approved",419,"obvious_failure","monster_attack","28306","variable","{}",3,"{}","avatar|no-control","{}","avatar|interesting|role|power|progress","{}","avatar|power|other","I chose the option that gave me the biggest chance of success","2","2","4","4","2","5","1","4","4","2","4","1","4","1","2","1",3,"main","3",TRUE,TRUE,FALSE,TRUE,FALSE,FALSE,FALSE,FALSE,TRUE,TRUE,TRUE,TRUE,TRUE,FALSE,FALSE,TRUE,FALSE,TRUE,TRUE,FALSE,FALSE
"170","29","Approved",360,"obvious_failure","monster_attack","28306","variable","{}",3,"Fun, wish I could see what happens next in the story!  Thanks.","interesting","{}","interesting","{}","power","{}","3","3","3","4","2","4","1","4","2","2","2","5","5","1","2","2",3,"main","3",TRUE,FALSE,TRUE,FALSE,FALSE,FALSE,FALSE,FALSE,TRUE,FALSE,FALSE,FALSE,FALSE,FALSE,FALSE,FALSE,FALSE,FALSE,TRUE,FALSE,FALSE
"171","115","Approved",2879,"obvious_failure","monster_attack","28306","variable","{}",3,"{}","avatar|progress","{}","avatar|progress|other","I feel an outcome is good if I don't completely fail, lose, and/or ""die.""","avatar|interesting|power","{}","2","2","2","4","2","3","1","5","4","3","4","1","5","1","1","2",3,"main","3",TRUE,TRUE,FALSE,FALSE,FALSE,FALSE,TRUE,FALSE,FALSE,FALSE,TRUE,FALSE,TRUE,TRUE,FALSE,TRUE,TRUE,FALSE,TRUE,FALSE,FALSE
"173","154","Approved",309,"obvious_failure","market","95923","variable","{}",1,"{}","avatar","{}","avatar","{}","avatar","{}","3","2","2","2","2","2","2","4","4","5","4","2","5","1","1","2",2,"alt","1",FALSE,TRUE,FALSE,FALSE,FALSE,FALSE,FALSE,FALSE,FALSE,FALSE,TRUE,FALSE,FALSE,FALSE,FALSE,TRUE,FALSE,FALSE,FALSE,FALSE,FALSE
"175","175","Approved",669,"obvious_failure","market","95923","variable","{}",1,"{}","avatar","{}","avatar","{}","avatar","{}","2","4","1","5","3","1","1","4","5","5","5","1","5","1","1","1",2,"alt","1",FALSE,TRUE,FALSE,FALSE,FALSE,FALSE,FALSE,FALSE,FALSE,FALSE,TRUE,FALSE,FALSE,FALSE,FALSE,TRUE,FALSE,FALSE,FALSE,FALSE,FALSE
"177","196","Approved",1027,"obvious_failure","market","95923","no-exp","{}",1,"none, although this was curiously engaging, thank you!","avatar|no-control|value-clash","{}","avatar|role","{}","avatar|power","{}","2","1","2","4","2","1","1","4","5","5","5","1","5","1","2","1",2,"alt","1",FALSE,TRUE,FALSE,TRUE,TRUE,FALSE,FALSE,FALSE,FALSE,TRUE,TRUE,FALSE,FALSE,FALSE,FALSE,TRUE,FALSE,FALSE,TRUE,FALSE,FALSE
"178","176","Approved",523,"obvious_failure","market","95923","consistent","{}",1,"Thanks and good luck.","avatar","{}","avatar|interesting|role","{}","role|avatar","{}","5","1","1","5","3","1","1","5","5","5","5","1","5","1","3","1",2,"alt","1",FALSE,TRUE,FALSE,FALSE,FALSE,FALSE,FALSE,FALSE,TRUE,TRUE,TRUE,FALSE,FALSE,FALSE,FALSE,TRUE,FALSE,FALSE,FALSE,TRUE,FALSE
"179","107","Approved",569,"obvious_failure","market","95923","consistent","{}",1,"{}","no-control","{}","role","{}","power","{}","4","5","1","5","4","1","1","5","5","5","5","1","5","1","2","1",2,"alt","1",FALSE,FALSE,FALSE,TRUE,FALSE,FALSE,FALSE,FALSE,FALSE,TRUE,FALSE,FALSE,FALSE,FALSE,FALSE,FALSE,FALSE,FALSE,TRUE,FALSE,FALSE
"181","66","Approved",3465,"obvious_failure","market","95923","variable","{}",1,"{}","avatar|no-control|power|progress","{}","avatar|progress","{}","role|power","{}","1","1","1","5","3","1","1","4","5","5","5","1","5","1","2","1",2,"alt","1",FALSE,TRUE,FALSE,TRUE,FALSE,TRUE,TRUE,FALSE,FALSE,FALSE,TRUE,FALSE,TRUE,FALSE,FALSE,FALSE,FALSE,FALSE,TRUE,TRUE,FALSE
"182","70","Approved",290,"obvious_failure","market","95923","consistent","{}",1,"{}","avatar","{}","avatar","{}","role|avatar|power","{}","2","2","1","4","4","2","1","4","4","4","5","1","4","1","2","2",2,"alt","1",FALSE,TRUE,FALSE,FALSE,FALSE,FALSE,FALSE,FALSE,FALSE,FALSE,TRUE,FALSE,FALSE,FALSE,FALSE,TRUE,FALSE,FALSE,TRUE,TRUE,FALSE
"183","94","Approved",503,"obvious_failure","market","95923","no-exp","{}",1,"{}","avatar|power|progress","{}","avatar|role|progress","{}","role|avatar|power","{}","1","1","1","5","3","1","1","4","5","5","5","1","5","1","1","1",2,"alt","1",FALSE,TRUE,FALSE,FALSE,FALSE,TRUE,TRUE,FALSE,FALSE,TRUE,TRUE,FALSE,TRUE,FALSE,FALSE,TRUE,FALSE,FALSE,TRUE,TRUE,FALSE
"184","150","Approved",1055,"obvious_failure","market","95923","variable","{}",1,"At the beginning you ask us to say backwards with an exclamation point, but I wasn't sure if we were supposed to put""backwards with an exclamation point"" or ""backwards!"". It might seem obvious, but alot of sequesters use funny tricks to make sure you're paying attention. Anyways, thanks! it was interesting.","avatar","{}","avatar","{}","avatar","{}","2","2","2","4","4","1","1","4","5","5","5","1","5","1","1","1",2,"alt","1",FALSE,TRUE,FALSE,FALSE,FALSE,FALSE,FALSE,FALSE,FALSE,FALSE,TRUE,FALSE,FALSE,FALSE,FALSE,TRUE,FALSE,FALSE,FALSE,FALSE,FALSE
"185","117","Approved",1411,"obvious_failure","market","95923","other","Since it's a game, my actions respond to what the rules are. I do what seems best within the scope of the rules and story to win the game.",1,"Next time make it a longer story.","avatar|no-control|value-clash|progress","{}","avatar|role|progress","{}","avatar|interesting|power","You only really had 2 options. I wouldn't want to give up the gold if I didn't have to. So just negotiation made the most sense.","1","1","1","5","2","1","1","5","5","5","5","1","5","1","1","1",2,"alt","1",FALSE,TRUE,FALSE,TRUE,TRUE,FALSE,TRUE,FALSE,FALSE,TRUE,TRUE,FALSE,TRUE,FALSE,FALSE,TRUE,TRUE,FALSE,TRUE,FALSE,FALSE
"186","8","Approved",293,"obvious_failure","market","95923","variable","{}",1,"{}","no-control","{}","role","{}","role","{}","3","2","2","4","4","1","1","5","5","5","5","1","5","1","1","1",2,"alt","1",FALSE,FALSE,FALSE,TRUE,FALSE,FALSE,FALSE,FALSE,FALSE,TRUE,FALSE,FALSE,FALSE,FALSE,FALSE,FALSE,FALSE,FALSE,FALSE,TRUE,FALSE
"187","31","Approved",687,"obvious_failure","market","95923","variable","{}",1,"By ""backwards"" I assume you mean the order, as in: I confirm that I am at least eighteen years of age...so you actually mean the order, right?","avatar|power","{}","role|power","{}","role|interesting","{}","1","1","5","3","3","1","2","3","4","4","5","2","4","1","2","1",2,"alt","1",FALSE,TRUE,FALSE,FALSE,FALSE,TRUE,FALSE,FALSE,FALSE,TRUE,FALSE,TRUE,FALSE,FALSE,FALSE,FALSE,TRUE,FALSE,FALSE,TRUE,FALSE
"188","147","Approved",598,"expected_failure","threatened_innocents","8015","variable","{}",2,"{}","avatar|progress","{}","avatar|progress","{}","role|power","{}","3","2","4","3","4","2","2","4","4","3","3","2","5","1","2","2",NA,"main","2",NA,TRUE,FALSE,FALSE,FALSE,FALSE,TRUE,FALSE,FALSE,FALSE,TRUE,FALSE,TRUE,FALSE,FALSE,FALSE,FALSE,FALSE,TRUE,TRUE,FALSE
"189","87","Approved",2427,"expected_failure","threatened_innocents","8015","variable","{}",2,"This was a very interesting study. Since the character's skill-set would not help the person being attacked, I chose what I felt was the best option. For the age confirmation section, I copied everything exactly as it was presented. Normally, I would not capitalize ""age"" but did so since I was instructed to recopy the sentence. Thanks!","avatar|power|progress","{}","avatar|power|progress","{}","role|avatar|power","{}","2","4","2","5","5","1","1","5","5","5","5","1","5","1","1","1",NA,"main","2",NA,TRUE,FALSE,FALSE,FALSE,TRUE,TRUE,FALSE,FALSE,FALSE,TRUE,TRUE,TRUE,FALSE,FALSE,TRUE,FALSE,FALSE,TRUE,TRUE,FALSE
"190","159","Approved",434,"expected_failure","threatened_innocents","8015","variable","{}",2,"{}","avatar","{}","progress","{}","power","{}","1","1","5","1","1","1","1","5","3","3","1","5","5","1","1","1",NA,"main","2",NA,TRUE,FALSE,FALSE,FALSE,FALSE,FALSE,FALSE,FALSE,FALSE,FALSE,FALSE,TRUE,FALSE,FALSE,FALSE,FALSE,FALSE,TRUE,FALSE,FALSE
"191","163","Approved",1143,"expected_failure","threatened_innocents","8015","consistent","{}",2,"I feel like in this story I would have liked to helped the merchant if I had the necessary skills. However, lacking the skills for negotiation or beating the bandits meant that if I tried to intervene, my character would have been punished and the merchant robbed anyway, regardless of what I did to help him. So that is why I chose to just move on.","progress","{}","progress","{}","power","{}","2","2","4","4","3","2","2","4","4","4","3","2","4","1","2","2",NA,"main","2",NA,FALSE,FALSE,FALSE,FALSE,FALSE,TRUE,FALSE,FALSE,FALSE,FALSE,FALSE,TRUE,FALSE,FALSE,FALSE,FALSE,FALSE,TRUE,FALSE,FALSE
"193","172","Approved",560,"expected_failure","threatened_innocents","8015","other","When I'm playing through an RPG game for the first time I'll usually play the character by imagining what I would do in the situation, then I'll adopt a different persona on subsequent play-throughs.",2,"Interesting. Cheers.","avatar|power|progress","{}","role|power|progress","{}","avatar|power","{}","1","1","2","5","4","1","1","5","5","5","5","1","5","1","1","1",NA,"main","2",NA,TRUE,FALSE,FALSE,FALSE,TRUE,TRUE,FALSE,FALSE,TRUE,FALSE,TRUE,TRUE,FALSE,FALSE,TRUE,FALSE,FALSE,TRUE,FALSE,FALSE
"194","27","Approved",212,"expected_failure","threatened_innocents","8015","consistent","{}",3,"{}","progress","{}","avatar","{}","role","{}","4","5","2","2","1","5","1","4","5","2","1","3","4","1","1","2",NA,"main","2",NA,FALSE,FALSE,FALSE,FALSE,FALSE,TRUE,FALSE,FALSE,FALSE,TRUE,FALSE,FALSE,FALSE,FALSE,FALSE,FALSE,FALSE,FALSE,TRUE,FALSE
"196","39","Approved",766,"expected_failure","threatened_innocents","8015","variable","{}",1,"thanks","avatar|interesting|no-control|value-clash|power|progress","{}","avatar|interesting|role|power|progress","{}","curious|role|avatar|interesting","{}","1","1","1","5","2","5","4","4","2","1","2","5","4","1","2","4",NA,"main","2",NA,TRUE,TRUE,TRUE,TRUE,TRUE,TRUE,FALSE,TRUE,TRUE,TRUE,TRUE,TRUE,FALSE,TRUE,TRUE,TRUE,FALSE,FALSE,TRUE,FALSE
"197","65","Approved",514,"expected_failure","threatened_innocents","8015","variable","{}",2,"{}","avatar","{}","avatar","{}","role","{}","3","3","1","5","3","1","1","5","5","5","5","1","5","1","1","1",NA,"main","2",NA,TRUE,FALSE,FALSE,FALSE,FALSE,FALSE,FALSE,FALSE,FALSE,TRUE,FALSE,FALSE,FALSE,FALSE,FALSE,FALSE,FALSE,FALSE,TRUE,FALSE
"198","183","Approved",615,"expected_failure","threatened_innocents","8015","consistent","{}",2,"{}","avatar|no-control|progress","{}","avatar","{}","avatar|interesting|power|other","I chose what would likely keep me alive and if possible could I help the guy and get a god outcome for both of us. Have no real options that met both of those I chose the only one that was closest.","1","1","5","5","1","1","1","5","5","3","2","1","5","1","1","3",NA,"main","2",NA,TRUE,FALSE,TRUE,FALSE,FALSE,TRUE,FALSE,FALSE,FALSE,TRUE,FALSE,FALSE,FALSE,FALSE,TRUE,TRUE,TRUE,TRUE,FALSE,FALSE
"200","46","Approved",2202,"expected_failure","threatened_innocents","8015","variable","{}",2,"{}","avatar","{}","avatar|other","I tend to also think an outcome is good when it matches my expectations or just when nothing negative happens OR when I just don't feel terribly bad about it. ( I seem to default to good)","other","I saw two options that were not doable so I selected the third option that was.","2","1","5","5","2","1","1","4","5","3","2","3","5","1","1","5",NA,"main","2",NA,TRUE,FALSE,FALSE,FALSE,FALSE,FALSE,FALSE,FALSE,FALSE,TRUE,FALSE,FALSE,TRUE,FALSE,FALSE,FALSE,TRUE,FALSE,FALSE,FALSE
"201","72","Approved",6790,"expected_failure","threatened_innocents","8015","consistent","{}",2,"great survey, please post more in the future.","avatar|interesting|no-control|value-clash|power|progress","{}","role|power|progress","{}","power","{}","4","3",NA,"2","1","2","4","1","4","3","4","4","1","1","2","1",NA,"main","2",NA,TRUE,TRUE,TRUE,TRUE,TRUE,TRUE,FALSE,FALSE,TRUE,FALSE,TRUE,TRUE,FALSE,FALSE,FALSE,FALSE,FALSE,TRUE,FALSE,FALSE
"202","179","Approved",388,"expected_failure","threatened_innocents","8015","no-exp","{}",2,"{}","avatar","{}","progress","{}","power","{}","4","4","2","4","2","3","1","5","3","3","4","5","4","1","2","2",NA,"main","2",NA,TRUE,FALSE,FALSE,FALSE,FALSE,FALSE,FALSE,FALSE,FALSE,FALSE,FALSE,TRUE,FALSE,FALSE,FALSE,FALSE,FALSE,TRUE,FALSE,FALSE
"203","103","Approved",830,"expected_failure","threatened_innocents","8015","no-exp","{}",2,"{}","avatar|power|progress","{}","avatar|role|power|progress","{}","power","{}","5","3","5","2","4","1","1","4","5","1","4","2","5","1","1","1",NA,"main","2",NA,TRUE,FALSE,FALSE,FALSE,TRUE,TRUE,FALSE,FALSE,TRUE,TRUE,TRUE,TRUE,FALSE,FALSE,FALSE,FALSE,FALSE,TRUE,FALSE,FALSE
"204","106","Approved",507,"expected_failure","monster_attack","58403","consistent","{}",3,"Interesting.","avatar|interesting|power|progress","{}","avatar|interesting|role|power|progress","{}","role","{}","4","1","5","1","3","5","2","3","4","1","2","3","4","1","2","4",NA,"main","3",NA,TRUE,TRUE,FALSE,FALSE,TRUE,TRUE,FALSE,TRUE,TRUE,TRUE,TRUE,TRUE,FALSE,FALSE,FALSE,FALSE,FALSE,FALSE,TRUE,FALSE
"205","43","Approved",861,"expected_failure","monster_attack","58403","variable","{}",3,"{}","avatar|interesting|no-control|value-clash|power|progress","{}","avatar|interesting|role|power|progress","{}","power","{}","4","3","4","2","4","4","2","4","4","1","2","4","4","1","2","3",NA,"main","3",NA,TRUE,TRUE,TRUE,TRUE,TRUE,TRUE,FALSE,TRUE,TRUE,TRUE,TRUE,TRUE,FALSE,FALSE,FALSE,FALSE,FALSE,TRUE,FALSE,FALSE
"206","177","Approved",1332,"expected_failure","monster_attack","58403","variable","{}",1,"Thank you, this was kind of fun","avatar|no-control|power","{}","avatar|role","{}","avatar|power","{}","3","1","5","1","1","4","3","1","2","2","1","4","3","1","3","4",NA,"main","3",NA,TRUE,FALSE,TRUE,FALSE,TRUE,FALSE,FALSE,FALSE,TRUE,TRUE,FALSE,FALSE,FALSE,FALSE,TRUE,FALSE,FALSE,TRUE,FALSE,FALSE
"208","108","Approved",557,"expected_failure","monster_attack","58403","no-exp","{}",3,"{}","avatar|power|progress","{}","avatar|interesting|progress","{}","role|avatar","{}","4","4","4","2","2","4","2","4","4","2","2","3","4","1","1","2",NA,"main","3",NA,TRUE,FALSE,FALSE,FALSE,TRUE,TRUE,FALSE,TRUE,FALSE,TRUE,FALSE,TRUE,FALSE,FALSE,TRUE,FALSE,FALSE,FALSE,TRUE,FALSE
"209","13","Approved",351,"expected_failure","monster_attack","58403","no-exp","{}",3,"{}","avatar","{}","avatar","{}","avatar","{}","5","5","5","1","1","5","5","1","3","1","5","3","3","1","5","3",NA,"main","3",NA,TRUE,FALSE,FALSE,FALSE,FALSE,FALSE,FALSE,FALSE,FALSE,TRUE,FALSE,FALSE,FALSE,FALSE,TRUE,FALSE,FALSE,FALSE,FALSE,FALSE
"210","136","Approved",593,"expected_failure","monster_attack","58403","variable","{}",1,"interesting!","interesting","{}","avatar","{}","power","{}","4","3","2","1","5","2","2","4","4","2","3","2","4","1","2","2",NA,"main","3",NA,FALSE,TRUE,FALSE,FALSE,FALSE,FALSE,FALSE,FALSE,FALSE,TRUE,FALSE,FALSE,FALSE,FALSE,FALSE,FALSE,FALSE,TRUE,FALSE,FALSE
"211","205","Approved",1068,"expected_failure","monster_attack","58403","variable","{}",3,"{}","avatar","{}","progress","{}","power","{}","4","4","4","2","2","4","2","4","4","2","3","2","4","1","2","2",NA,"main","3",NA,TRUE,FALSE,FALSE,FALSE,FALSE,FALSE,FALSE,FALSE,FALSE,FALSE,FALSE,TRUE,FALSE,FALSE,FALSE,FALSE,FALSE,TRUE,FALSE,FALSE
"212","160","Approved",1124,"expected_failure","monster_attack","58403","variable","{}",3,"{}","avatar|progress","{}","avatar|progress","{}","avatar|power","{}","4","1","5","1","1","5","1","2","4","1","3","5","4","1","1","2",NA,"main","3",NA,TRUE,FALSE,FALSE,FALSE,FALSE,TRUE,FALSE,FALSE,FALSE,TRUE,FALSE,TRUE,FALSE,FALSE,TRUE,FALSE,FALSE,TRUE,FALSE,FALSE
"216","5","Approved",438,"expected_failure","monster_attack","58403","variable","{}",2,"{}","avatar|no-control","{}","avatar","{}","avatar|power","{}","2","3","1","3","3","3","4","1","4","1","2","4","5","1","5","1",NA,"main","3",NA,TRUE,FALSE,TRUE,FALSE,FALSE,FALSE,FALSE,FALSE,FALSE,TRUE,FALSE,FALSE,FALSE,FALSE,TRUE,FALSE,FALSE,TRUE,FALSE,FALSE
"217","114","Approved",264,"expected_failure","monster_attack","58403","consistent","{}",1,"{}","avatar|progress","{}","avatar|progress","{}","curious|role","{}","4","4","3","2","3","4","2","4","4","2","2","3","4","1","2","3",NA,"main","3",NA,TRUE,FALSE,FALSE,FALSE,FALSE,TRUE,FALSE,FALSE,FALSE,TRUE,FALSE,TRUE,FALSE,TRUE,FALSE,FALSE,FALSE,FALSE,TRUE,FALSE
"218","146","Approved",592,"expected_failure","monster_attack","58403","consistent","{}",3,"Was there a better outcome with the other options?","avatar|no-control|progress","{}","avatar|role|power|progress","{}","role|avatar|interesting|power","{}","5","2","5","5","2","4","1","4","5","2","5","1","4","1","1","2",NA,"main","3",NA,TRUE,FALSE,TRUE,FALSE,FALSE,TRUE,FALSE,FALSE,TRUE,TRUE,TRUE,TRUE,FALSE,FALSE,TRUE,TRUE,FALSE,TRUE,TRUE,FALSE
"219","158","Approved",320,"expected_failure","monster_attack","58403","variable","{}",3,"Neat questionnaire. Took my time and enjoyed it.","avatar|value-clash|power|progress","{}","avatar|interesting|role|power|progress","{}","role|avatar|power","{}","5","2","5","2","3","4","1","4","4","2","2","4","5","1","1","2",NA,"main","3",NA,TRUE,FALSE,FALSE,TRUE,TRUE,TRUE,FALSE,TRUE,TRUE,TRUE,TRUE,TRUE,FALSE,FALSE,TRUE,FALSE,FALSE,TRUE,TRUE,FALSE
"220","47","Approved",529,"expected_failure","market","87991","variable","{}",3,"{}","avatar|power|progress","{}","avatar|progress","{}","avatar|interesting|power","{}","3","3","4","5","3","2","2","5","3","3","3","3","5","1","1","3",NA,"main","3",NA,TRUE,FALSE,FALSE,FALSE,TRUE,TRUE,FALSE,FALSE,FALSE,TRUE,FALSE,TRUE,FALSE,FALSE,TRUE,TRUE,FALSE,TRUE,FALSE,FALSE
"221","165","Approved",532,"expected_failure","market","87991","variable","{}",3,"{}","avatar|no-control|value-clash|progress","{}","avatar|role|progress","{}","role|avatar|power","{}","2","2","1","4","4","1","1","4","5","5","5","1","5","1","2","1",NA,"main","3",NA,TRUE,FALSE,TRUE,TRUE,FALSE,TRUE,FALSE,FALSE,TRUE,TRUE,FALSE,TRUE,FALSE,FALSE,TRUE,FALSE,FALSE,TRUE,TRUE,FALSE
"223","85","Approved",2285,"expected_failure","market","87991","variable","{}",3,"{}","avatar|progress","{}","avatar|progress","{}","avatar|power","{}","2","3","2","4","4","1","2","3","4","4","5","2","4","1","2","4",NA,"main","3",NA,TRUE,FALSE,FALSE,FALSE,FALSE,TRUE,FALSE,FALSE,FALSE,TRUE,FALSE,TRUE,FALSE,FALSE,TRUE,FALSE,FALSE,TRUE,FALSE,FALSE
"226","76","Approved",1760,"expected_failure","market","87991","variable","{}",3,"{}","avatar|interesting|value-clash|power","{}","avatar|interesting","{}","avatar|power","{}","2","1","4","4","4","4","1","4","2","3","2","2","4","1","1","2",NA,"main","3",NA,TRUE,TRUE,FALSE,TRUE,TRUE,FALSE,FALSE,TRUE,FALSE,TRUE,FALSE,FALSE,FALSE,FALSE,TRUE,FALSE,FALSE,TRUE,FALSE,FALSE
"227","69","Approved",610,"expected_failure","market","87991","variable","{}",2,"Great survey, I found myself genuinely engaged.","avatar|power|progress","{}","avatar|interesting|role|power","{}","curious|role|avatar|interesting","{}","2","2","5","2","4","2","2","4","4","2","3","4","4","1","2","2",NA,"main","3",NA,TRUE,FALSE,FALSE,FALSE,TRUE,TRUE,FALSE,TRUE,TRUE,TRUE,TRUE,FALSE,FALSE,TRUE,TRUE,TRUE,FALSE,FALSE,TRUE,FALSE
"228","95","Approved",372,"expected_failure","market","87991","consistent","{}",1,"{}","avatar","{}","avatar","{}","avatar","{}","4","4","2","3","3","4","2","2","4","2","2","4","4","1","3","3",NA,"main","3",NA,TRUE,FALSE,FALSE,FALSE,FALSE,FALSE,FALSE,FALSE,FALSE,TRUE,FALSE,FALSE,FALSE,FALSE,TRUE,FALSE,FALSE,FALSE,FALSE,FALSE
"230","188","Approved",286,"expected_failure","market","87991","variable","{}",1,"{}","interesting|no-control|power|progress","{}","avatar|interesting|power|progress","{}","avatar","{}","2","2","2","3","4","1","2","3","5","3","5","2","4","1","3","2",NA,"main","3",NA,FALSE,TRUE,TRUE,FALSE,TRUE,TRUE,FALSE,TRUE,FALSE,TRUE,TRUE,TRUE,FALSE,FALSE,TRUE,FALSE,FALSE,FALSE,FALSE,FALSE
"233","30","Approved",439,"expected_failure","market","87991","variable","{}",3,"Thank you","avatar","{}","avatar","{}","avatar","{}","2","2","2","2","4","2","2","4","4","4","5","2","4","1","2","2",NA,"main","3",NA,TRUE,FALSE,FALSE,FALSE,FALSE,FALSE,FALSE,FALSE,FALSE,TRUE,FALSE,FALSE,FALSE,FALSE,TRUE,FALSE,FALSE,FALSE,FALSE,FALSE
"235","14","Approved",262,"unexpected_success","threatened_innocents","47794","variable","{}",3,"This was actually interesting and fun, thank you.","avatar|interesting|no-control|value-clash|power|progress","{}","avatar|power|progress","{}","curious|role|avatar|power","{}","4","2","4","2","1","1","2","2","5","5","5","1","2","1","4","5",NA,"main","1",NA,TRUE,TRUE,TRUE,TRUE,TRUE,TRUE,FALSE,FALSE,FALSE,TRUE,TRUE,TRUE,FALSE,TRUE,TRUE,FALSE,FALSE,TRUE,TRUE,FALSE
"239","42","Approved",6437,"unexpected_success","threatened_innocents","47794","variable","{}",1,"{}","avatar|interesting|no-control|value-clash|power|progress","{}","avatar|interesting|role|power|progress","{}","role|avatar|interesting|power","{}","2","1","1","4","1","1","1","4","5","5","5","1","5","1","2","1",NA,"main","1",NA,TRUE,TRUE,TRUE,TRUE,TRUE,TRUE,FALSE,TRUE,TRUE,TRUE,TRUE,TRUE,FALSE,FALSE,TRUE,TRUE,FALSE,TRUE,TRUE,FALSE
"240","182","Approved",587,"unexpected_success","threatened_innocents","47794","variable","{}",1,"{}","progress","{}","role","{}","power","{}","4","3","1","4","2","1","1","5","5","5","5","1","5","1","2","1",NA,"main","1",NA,FALSE,FALSE,FALSE,FALSE,FALSE,TRUE,FALSE,FALSE,TRUE,FALSE,FALSE,FALSE,FALSE,FALSE,FALSE,FALSE,FALSE,TRUE,FALSE,FALSE
"243","15","Approved",400,"unexpected_success","threatened_innocents","47794","variable","{}",3,"Are the hits different and can we do more than 1?","avatar|no-control|power","{}","avatar|progress","{}","role|avatar|power","{}","4","4","1","2","1","1","1","3","5","5","5","1","5","1","2","1",NA,"main","1",NA,TRUE,FALSE,TRUE,FALSE,TRUE,FALSE,FALSE,FALSE,FALSE,TRUE,FALSE,TRUE,FALSE,FALSE,TRUE,FALSE,FALSE,TRUE,TRUE,FALSE
"244","192","Approved",6022,"unexpected_success","threatened_innocents","47794","variable","{}",1,"{}","avatar|no-control|value-clash|power|progress","{}","avatar|interesting|power|progress","{}","avatar|interesting|power","{}","1","1","1","5","1","1","1","2","5","5","5","1","5","1","1","1",NA,"main","1",NA,TRUE,FALSE,TRUE,TRUE,TRUE,TRUE,FALSE,TRUE,FALSE,TRUE,TRUE,TRUE,FALSE,FALSE,TRUE,TRUE,FALSE,TRUE,FALSE,FALSE
"245","3","Approved",880,"unexpected_success","threatened_innocents","47794","variable","{}",1,"Loved the survey, hope I helped!","avatar|no-control|power|progress","{}","avatar|interesting|role|progress","{}","role|avatar","{}","2","1","3","4","3","1","1","4","5","5","5","1","4","1","2","2",NA,"main","1",NA,TRUE,FALSE,TRUE,FALSE,TRUE,TRUE,FALSE,TRUE,TRUE,TRUE,FALSE,TRUE,FALSE,FALSE,TRUE,FALSE,FALSE,FALSE,TRUE,FALSE
"246","98","Approved",855,"unexpected_success","threatened_innocents","47794","consistent","{}",1,"Good survey, thanks!","avatar","{}","avatar","{}","avatar","{}","1","2","1","5","2","1","1","5","5","5","5","1","5","1","1","5",NA,"main","1",NA,TRUE,FALSE,FALSE,FALSE,FALSE,FALSE,FALSE,FALSE,FALSE,TRUE,FALSE,FALSE,FALSE,FALSE,TRUE,FALSE,FALSE,FALSE,FALSE,FALSE
"247","35","Approved",1628,"unexpected_success","threatened_innocents","47794","variable","{}",1,"This was a fun study. I enjoyed it. Thanks.","avatar","{}","role","{}","avatar","{}","4","5","3","5","2","1","1","5","5","5","5","1","5","1","1","5",NA,"main","1",NA,TRUE,FALSE,FALSE,FALSE,FALSE,FALSE,FALSE,FALSE,TRUE,FALSE,FALSE,FALSE,FALSE,FALSE,TRUE,FALSE,FALSE,FALSE,FALSE,FALSE
"248","190","Approved",410,"unexpected_success","threatened_innocents","47794","consistent","{}",3,"{}","value-clash|progress","{}","role|progress","{}","role|interesting","{}","2","4","1","1","2","2",NA,"2","4","4","5","2","4","1","3","1",NA,"main","1",NA,FALSE,FALSE,FALSE,TRUE,FALSE,TRUE,FALSE,FALSE,TRUE,FALSE,FALSE,TRUE,FALSE,FALSE,FALSE,TRUE,FALSE,FALSE,TRUE,FALSE
"249","74","Approved",3198,"unexpected_success","threatened_innocents","47794","variable","{}",2,"{}","avatar","{}","power","{}","role","{}","2","2","2","4","2","1","1","5","5","5","5","1","5","1","1","1",NA,"main","1",NA,TRUE,FALSE,FALSE,FALSE,FALSE,FALSE,FALSE,FALSE,FALSE,FALSE,TRUE,FALSE,FALSE,FALSE,FALSE,FALSE,FALSE,FALSE,TRUE,FALSE
"250","148","Approved",298,"unexpected_success","monster_attack","99500","variable","{}",1,"{}","power|progress","{}","power|progress","{}","interesting","{}","4","4","2","4","2","5","2","4","2","1","2","4","4","1","3","2",NA,"main","2",NA,FALSE,FALSE,FALSE,FALSE,TRUE,TRUE,FALSE,FALSE,FALSE,FALSE,TRUE,TRUE,FALSE,FALSE,FALSE,TRUE,FALSE,FALSE,FALSE,FALSE
"251","25","Approved",2587,"unexpected_success","monster_attack","99500","variable","{}",2,"{}","avatar","{}","avatar","{}","avatar|interesting|power","{}","3","2","4","3","4","1","2","2","5","5","5","1","4","1","3","1",NA,"main","2",NA,TRUE,FALSE,FALSE,FALSE,FALSE,FALSE,FALSE,FALSE,FALSE,TRUE,FALSE,FALSE,FALSE,FALSE,TRUE,TRUE,FALSE,TRUE,FALSE,FALSE
"252","189","Approved",263,"unexpected_success","monster_attack","99500","variable","{}",2,"This was a fun survey! Thank you very much.","avatar|no-control|power|progress","{}","avatar|interesting|progress","{}","curious|avatar","{}","5",NA,"5","2","3","1","4","1","4","5","5","1","2","1","5","1",NA,"main","2",NA,TRUE,FALSE,TRUE,FALSE,TRUE,TRUE,FALSE,TRUE,FALSE,TRUE,FALSE,TRUE,FALSE,TRUE,TRUE,FALSE,FALSE,FALSE,FALSE,FALSE
"253","36","Approved",801,"unexpected_success","monster_attack","99500","consistent","{}",2,"This was really cool because it reminded me of an RPG game. Thanks! It would have been fun to have one choice lead into another and then another (to keep the game going).","interesting|no-control|progress","{}","avatar|interesting|role|progress","{}","role|interesting|power|other","I felt that was the only chance I had to survive uninjured. I lacked the skill to fight (and weapons) and I lacked sorcery skill so I really had no choice. I couldn't turn her into a chicken and she would have won the fight (since she had the skill)","2","1","4","4","2","1","1","2","5",NA,"5","1","4","1","2","1",NA,"main","2",NA,FALSE,TRUE,TRUE,FALSE,FALSE,TRUE,FALSE,TRUE,TRUE,TRUE,FALSE,TRUE,FALSE,FALSE,FALSE,TRUE,TRUE,TRUE,TRUE,FALSE
"254","199","Approved",1188,"unexpected_success","monster_attack","99500","variable","{}",1,"{}","avatar|power|progress","{}","avatar|interesting|role|power|progress","{}","curious|role|power","{}","4","2","5","1","4","5","1","5","4","1","2","2","4","1","2","2",NA,"main","2",NA,TRUE,FALSE,FALSE,FALSE,TRUE,TRUE,FALSE,TRUE,TRUE,TRUE,TRUE,TRUE,FALSE,TRUE,FALSE,FALSE,FALSE,TRUE,TRUE,FALSE
"256","97","Approved",520,"unexpected_success","monster_attack","99500","no-exp","{}",2,"{}","avatar|no-control|power|progress","{}","avatar|power|progress","{}","avatar|power","{}","1","2","4","2","1","1","1","2","5","5","5","1","4","1","4","1",NA,"main","2",NA,TRUE,FALSE,TRUE,FALSE,TRUE,TRUE,FALSE,FALSE,FALSE,TRUE,TRUE,TRUE,FALSE,FALSE,TRUE,FALSE,FALSE,TRUE,FALSE,FALSE
"257","28","Approved",3280,"unexpected_success","monster_attack","99500","consistent","{}",1,"N/A","avatar|power|progress","{}","avatar|interesting|role|power|progress","{}","avatar|interesting|power","{}","4","2","4","2","2","5","2","4","1","1","3","4","4","1","2","4",NA,"main","2",NA,TRUE,FALSE,FALSE,FALSE,TRUE,TRUE,FALSE,TRUE,TRUE,TRUE,TRUE,TRUE,FALSE,FALSE,TRUE,TRUE,FALSE,TRUE,FALSE,FALSE
"258","96","Approved",2306,"unexpected_success","monster_attack","99500","variable","{}",2,"Thank you. That was confusing but very interesting.","avatar","{}","progress","{}","interesting","{}","2","1","5","1","2","1","4","2","5","5","5","1","5","1","4","1",NA,"main","2",NA,TRUE,FALSE,FALSE,FALSE,FALSE,FALSE,FALSE,FALSE,FALSE,FALSE,FALSE,TRUE,FALSE,FALSE,FALSE,TRUE,FALSE,FALSE,FALSE,FALSE
"261","145","Approved",1686,"unexpected_success","monster_attack","99500","no-exp","{}",2,"That was fun.  Good luck with your research!","avatar|power|progress","{}","avatar|progress","{}","avatar|power","{}","2","2","1","4","2","1","1","2","5","5","5","1","5","1","4","1",NA,"main","2",NA,TRUE,FALSE,FALSE,FALSE,TRUE,TRUE,FALSE,FALSE,FALSE,TRUE,FALSE,TRUE,FALSE,FALSE,TRUE,FALSE,FALSE,TRUE,FALSE,FALSE
"262","73","Approved",289,"unexpected_success","monster_attack","99500","variable","{}",1,"no","interesting","{}","interesting","{}","role","{}","3","3","3","3","3","3","3","3","3","3","3","3","3","1","3","3",NA,"main","2",NA,FALSE,TRUE,FALSE,FALSE,FALSE,FALSE,FALSE,TRUE,FALSE,FALSE,FALSE,FALSE,FALSE,FALSE,FALSE,FALSE,FALSE,FALSE,TRUE,FALSE
"263","24","Approved",6252,"unexpected_success","monster_attack","99500","consistent","{}",2,"{}","avatar|progress","{}","avatar|progress","{}","interesting","{}","4","1","4","2","1","1","1","2","5","5","5","1","4","1","4","1",NA,"main","2",NA,TRUE,FALSE,FALSE,FALSE,FALSE,TRUE,FALSE,FALSE,FALSE,TRUE,FALSE,TRUE,FALSE,FALSE,FALSE,TRUE,FALSE,FALSE,FALSE,FALSE
"265","119","Approved",2340,"unexpected_success","market","33152","variable","{}",3,"{}","avatar|value-clash|power|progress","{}","avatar|power|progress","{}","avatar|interesting|power","{}","1","1","1","5","1","1","1","2","5","5","5","1","5","1","4","1",NA,"main","3",NA,TRUE,FALSE,FALSE,TRUE,TRUE,TRUE,FALSE,FALSE,FALSE,TRUE,TRUE,TRUE,FALSE,FALSE,TRUE,TRUE,FALSE,TRUE,FALSE,FALSE
"266","101","Approved",465,"unexpected_success","market","33152","variable","{}",3,"Fun hit! Good luck with your study!","avatar|no-control","{}","avatar|role","{}","avatar|power","{}","4","3","4","2","2","1","1","3","5","5","5","1","5","1","3","1",NA,"main","3",NA,TRUE,FALSE,TRUE,FALSE,FALSE,FALSE,FALSE,FALSE,TRUE,TRUE,FALSE,FALSE,FALSE,FALSE,TRUE,FALSE,FALSE,TRUE,FALSE,FALSE
"267","71","Approved",1064,"unexpected_success","market","33152","no-exp","{}",3,"{}","avatar|power","{}","avatar|other","By negotiating a settlement, my character avoided injuring anyone.","avatar|other","I chose the option that seemed the most realistic (no magic), and the least dangerous (no fighting).","1","1","1","4","2","1","1","4","5","5","5","1","5","1","2","1",NA,"main","3",NA,TRUE,FALSE,FALSE,FALSE,TRUE,FALSE,FALSE,FALSE,FALSE,TRUE,FALSE,FALSE,TRUE,FALSE,TRUE,FALSE,TRUE,FALSE,FALSE,FALSE
"268","198","Approved",619,"unexpected_success","market","33152","variable","{}",2,"{}","avatar","{}","role","{}","power","{}","2",NA,"3","2","3","3","1","4","4","3","4","3","5","1","1","3",NA,"main","3",NA,TRUE,FALSE,FALSE,FALSE,FALSE,FALSE,FALSE,FALSE,TRUE,FALSE,FALSE,FALSE,FALSE,FALSE,FALSE,FALSE,FALSE,TRUE,FALSE,FALSE
"270","34","Approved",339,"unexpected_success","market","33152","variable","{}",3,"This was both fun and interesting. I'd be interested to know what this research is for. ""Game development"" seems obvious, but I have to say it's the only survey like this that I've seen on MTurk.","avatar|interesting|no-control|value-clash","{}","avatar|interesting|role","{}","avatar|interesting|power","{}","2","2","2","2","1","1","1","4","4","5","5","1","4","1","2","2",NA,"main","3",NA,TRUE,TRUE,TRUE,TRUE,FALSE,FALSE,FALSE,TRUE,TRUE,TRUE,FALSE,FALSE,FALSE,FALSE,TRUE,TRUE,FALSE,TRUE,FALSE,FALSE
"271","191","Approved",663,"unexpected_success","market","33152","no-exp","{}",3,"I feel like I have done something wrong here.","avatar|value-clash","{}","avatar|role","{}","avatar|other","I was missing all the skill for each of the options, but I went with what I would try to do if I were in the story anyway. That was a little confusing on that part.","2","2","3","4","2","1","3","3","4","4","4","2","4","1","4","1",NA,"main","3",NA,TRUE,FALSE,FALSE,TRUE,FALSE,FALSE,FALSE,FALSE,TRUE,TRUE,FALSE,FALSE,FALSE,FALSE,TRUE,FALSE,TRUE,FALSE,FALSE,FALSE
"272","91","Approved",472,"unexpected_success","market","33152","no-exp","{}",3,"{}","no-control|power|progress","{}","progress","{}","avatar|power","{}","1","1","4","2","4","1","4","2","4","5","5","1","2","1","4","1",NA,"main","3",NA,FALSE,FALSE,TRUE,FALSE,TRUE,TRUE,FALSE,FALSE,FALSE,FALSE,FALSE,TRUE,FALSE,FALSE,TRUE,FALSE,FALSE,TRUE,FALSE,FALSE
"273","178","Approved",4448,"unexpected_success","market","33152","consistent","{}",3,"{}","avatar|no-control|power|progress","{}","power|progress","{}","power","{}","4","3","5","2","2","2","1","4","5","5","4","1","3","1","1","2",NA,"main","3",NA,TRUE,FALSE,TRUE,FALSE,TRUE,TRUE,FALSE,FALSE,FALSE,FALSE,TRUE,TRUE,FALSE,FALSE,FALSE,FALSE,FALSE,TRUE,FALSE,FALSE
"274","6","Approved",221,"unexpected_success","market","33152","variable","{}",2,"{}","interesting|value-clash|progress","{}","avatar|interesting|role|power|progress","{}","curious|avatar|power","{}","5","1","1","4","1","1","3","4","4","5","5","3","5","1","1","1",NA,"main","3",NA,FALSE,TRUE,FALSE,TRUE,FALSE,TRUE,FALSE,TRUE,TRUE,TRUE,TRUE,TRUE,FALSE,TRUE,TRUE,FALSE,FALSE,TRUE,FALSE,FALSE
"275","203","Approved",423,"unexpected_success","market","33152","variable","{}",1,"{}","power|progress","{}","progress","{}","power","{}","4","5","2","4","2","1","1","4","5","5","5","2","4","1","2","2",NA,"main","3",NA,FALSE,FALSE,FALSE,FALSE,TRUE,TRUE,FALSE,FALSE,FALSE,FALSE,FALSE,TRUE,FALSE,FALSE,FALSE,FALSE,FALSE,TRUE,FALSE,FALSE
"276","166","Approved",428,"unexpected_success","market","33152","variable","{}",3,"Thank you!","avatar","{}","role","{}","avatar","{}","2","1","1","5","2","1","1","3","5","5","5","1","5","1","5","1",NA,"main","3",NA,TRUE,FALSE,FALSE,FALSE,FALSE,FALSE,FALSE,FALSE,TRUE,FALSE,FALSE,FALSE,FALSE,FALSE,TRUE,FALSE,FALSE,FALSE,FALSE,FALSE
"277","48","Approved",590,"unexpected_success","market","33152","variable","{}",1,"{}","no-control","{}","avatar","{}","role|avatar|power","{}","3","4","2","4","3","1","1","4","4","5","4","1","4","1","1","1",NA,"main","3",NA,FALSE,FALSE,TRUE,FALSE,FALSE,FALSE,FALSE,FALSE,FALSE,TRUE,FALSE,FALSE,FALSE,FALSE,TRUE,FALSE,FALSE,TRUE,TRUE,FALSE
"278","170","Approved",532,"unexpected_success","market","33152","variable","{}",2,"thanks","avatar","{}","role","{}","avatar|interesting","{}","2","3","2","4","1","1","2","5","5","5","5","1","5","1","2","1",NA,"main","3",NA,TRUE,FALSE,FALSE,FALSE,FALSE,FALSE,FALSE,FALSE,TRUE,FALSE,FALSE,FALSE,FALSE,FALSE,TRUE,TRUE,FALSE,FALSE,FALSE,FALSE
"279","129","Approved",413,"unexpected_success","market","33152","consistent","{}",3,"ty","avatar|progress","{}","avatar|progress","{}","role","{}","2","1","1","4","4","1","1","3","5","5","5","1","3","1","3","1",NA,"main","3",NA,TRUE,FALSE,FALSE,FALSE,FALSE,TRUE,FALSE,FALSE,FALSE,TRUE,FALSE,TRUE,FALSE,FALSE,FALSE,FALSE,FALSE,FALSE,TRUE,FALSE
